{
  "citations" : [
    {
      "id" : 7283333,
      "title" : "Pharmacogenetics: from bench to byte--an update of guidelines.",
      "_sameAs" : "https://www.ncbi.nlm.nih.gov/pubmed/21412232",
      "authors" : [
        "Swen J J",
        "Nijenhuis M",
        "de Boer A",
        "Grandia L",
        "Maitland-van der Zee A H",
        "Mulder H",
        "Rongen G A P J M",
        "van Schaik R H N",
        "Schalekamp T",
        "Touw D J",
        "van der Weide J",
        "Wilffert B",
        "Deneer V H M",
        "Guchelaar H-J"
      ],
      "crossReferences" : [
        {
          "id" : 769250885,
          "resource" : "PubMed",
          "resourceId" : "21412232",
          "_url" : "https://www.ncbi.nlm.nih.gov/pubmed/21412232",
          "version" : 0
        },
        {
          "id" : 1449247827,
          "resource" : "DOI",
          "resourceId" : "10.1038/clpt.2011.34",
          "_url" : "http://dx.doi.org/10.1038%2Fclpt.2011.34",
          "version" : 0
        }
      ],
      "day" : -1,
      "hasKeyword" : true,
      "journal" : "Clinical pharmacology and therapeutics",
      "meshTerms" : [
        "Animals",
        "Aryl Hydrocarbon Hydroxylases",
        "Cytochrome P-450 CYP2C9",
        "Drug Administration Schedule",
        "Drug-Related Side Effects and Adverse Reactions",
        "Humans",
        "Pharmaceutical Preparations",
        "Pharmacogenetics",
        "Practice Guidelines as Topic"
      ],
      "month" : 5,
      "nonHuman" : false,
      "objCls" : "Literature",
      "page" : "662-73",
      "pediatric" : false,
      "pgkbPublication" : false,
      "pubDate" : "2011-05-01T00:00:00-07:00",
      "pubmedMeshTerms" : [],
      "summary" : "Currently, there are very few guidelines linking the results of pharmacogenetic tests to specific therapeutic recommendations. Therefore, the Royal Dutch Association for the Advancement of Pharmacy established the Pharmacogenetics Working Group with the objective of developing pharmacogenetics-based therapeutic (dose) recommendations. After systematic review of the literature, recommendations were developed for 53 drugs associated with genes coding for CYP2D6, CYP2C19, CYP2C9, thiopurine-S-methyltransferase (TPMT), dihydropyrimidine dehydrogenase (DPD), vitamin K epoxide reductase (VKORC1), uridine diphosphate glucuronosyltransferase 1A1 (UGT1A1), HLA-B44, HLA-B*5701, CYP3A5, and factor V Leiden (FVL).",
      "terms" : [],
      "type" : "Literature",
      "version" : 4,
      "volume" : "89",
      "year" : 2011
    }
  ],
  "guideline" : {
    "objCls" : "Guideline Annotation",
    "id" : "PA166104981",
    "name" : "Annotation of DPWG Guideline for flupenthixol and CYP2D6",
    "alternateDrugAvailable" : false,
    "cancerGenome" : false,
    "crossReferences" : [],
    "dosingInformation" : false,
    "hasTestingInfo" : false,
    "history" : [
      {
        "id" : 1183704475,
        "date" : "2011-08-10T00:00:00-07:00",
        "type" : "Create",
        "version" : 0
      },
      {
        "id" : 1450414970,
        "date" : "2019-05-23T10:51:36.965-07:00",
        "description" : "Annotation current with November 2018 DPWG Guideline release\"",
        "type" : "Update",
        "version" : 0
      },
      {
        "id" : 1450820649,
        "date" : "2019-10-03T14:00:17.747-07:00",
        "description" : "No changes based on August 2019 guideline",
        "type" : "Note",
        "version" : 0
      },
      {
        "id" : 1450956381,
        "date" : "2020-01-31T13:31:02.905-08:00",
        "description" : "Updated link to 2011 DPWG methods",
        "type" : "Update",
        "version" : 0
      },
      {
        "id" : 1450963501,
        "date" : "2020-02-11T05:48:56.380-08:00",
        "description" : "Fixed links to 2018 guideline pdfs.",
        "type" : "Update",
        "version" : 0
      },
      {
        "id" : 1451704219,
        "date" : "2022-03-03T16:33:29.929-08:00",
        "description" : "Annotation current with May 2021 DPWG Guideline release",
        "type" : "Note",
        "version" : 0
      },
      {
        "id" : 1451732859,
        "date" : "2022-03-28T09:57:43.800-07:00",
        "description" : "Annotation current with February 2022 DPWG guideline release",
        "type" : "Note",
        "version" : 0
      },
      {
        "id" : 1451884265,
        "date" : "2022-09-16T10:14:37.034-07:00",
        "description" : "Fixed link to gene information document and added explanatory note",
        "type" : "Update",
        "version" : 0
      },
      {
        "id" : 1452063321,
        "date" : "2023-04-07T15:03:58.575-07:00",
        "description" : "added DPWG guideline",
        "type" : "Update",
        "version" : 0
      },
      {
        "id" : 1452146527,
        "date" : "2023-07-03T13:40:12.043-07:00",
        "description" : "Annotation current with May 2023 DPWG Guideline release",
        "type" : "Note",
        "version" : 0
      },
      {
        "id" : 1452408200,
        "date" : "2024-03-14T07:20:09.176-07:00",
        "description" : "Updated links for risk analysis pdf.",
        "type" : "Update",
        "version" : 0
      },
      {
        "id" : 1452424582,
        "date" : "2024-03-29T11:42:14.652-07:00",
        "description" : "Removed message about gene information document availability.",
        "type" : "Update",
        "version" : 0
      }
    ],
    "literature" : [
      {"id":15142974,"title":"Dutch Pharmacogenetics Working Group (DPWG) guideline for the gene-drug interaction between CYP2D6, CYP3A4 and CYP1A2 and antipsychotics.","_sameAs":"https://www.ncbi.nlm.nih.gov/pmc/articles/PMC10923774","crossReferences":[{"id":1452412000,"resource":"PubMed Central","resourceId":"PMC10923774","_url":"https://www.ncbi.nlm.nih.gov/pmc/articles/PMC10923774"},{"id":1452056756,"resource":"PubMed","resourceId":"37002327","_url":"https://www.ncbi.nlm.nih.gov/pubmed/37002327"},{"id":1452056757,"resource":"DOI","resourceId":"10.1038/s41431-023-01347-3","_url":"http://dx.doi.org/10.1038%2Fs41431-023-01347-3"}],"objCls":"Literature","pubDate":"2024-03-01T00:00:00-08:00","terms":[{"id":1451577480,"resource":"PGx Paper Types","term":"Implementation","termId":"pgxPaperTypes:1451577480"}],"type":"Literature"},
      {"id":7283333,"title":"Pharmacogenetics: from bench to byte--an update of guidelines.","_sameAs":"https://www.ncbi.nlm.nih.gov/pubmed/21412232","crossReferences":[{"id":769250885,"resource":"PubMed","resourceId":"21412232","_url":"https://www.ncbi.nlm.nih.gov/pubmed/21412232"},{"id":1449247827,"resource":"DOI","resourceId":"10.1038/clpt.2011.34","_url":"http://dx.doi.org/10.1038%2Fclpt.2011.34"}],"objCls":"Literature","pubDate":"2011-05-01T00:00:00-07:00","terms":[],"type":"Literature"},
      {"id":15103288,"title":"Dutch Pharmacogenetics Working Group Guidelines August 2019","_sameAs":"https://api.pharmgkb.org/v1/preview/download/file/attachment/DPWG_August_2019.pdf","crossReferences":[{"id":1450815695,"resource":"URL","resourceId":"https://api.pharmgkb.org/v1/preview/download/file/attachment/DPWG_August_2019.pdf","_url":"https://api.pharmgkb.org/v1/preview/download/file/attachment/DPWG_August_2019.pdf"}],"objCls":"Literature","terms":[],"type":"Literature"},
      {"id":15102465,"title":"Dutch Pharmacogenetics Working Group Guidelines November 2018","_sameAs":"https://api.pharmgkb.org/v1/preview/download/file/attachment/DPWG_November_2018.pdf","crossReferences":[{"id":1450415575,"resource":"URL","resourceId":"https://api.pharmgkb.org/v1/preview/download/file/attachment/DPWG_November_2018.pdf","_url":"https://api.pharmgkb.org/v1/preview/download/file/attachment/DPWG_November_2018.pdf"}],"objCls":"Literature","terms":[],"type":"Literature"}
    ],
    "otherPrescribingGuidance" : false,
    "pediatric" : false,
    "recommendation" : false,
    "relatedAlleles" : [],
    "relatedChemicals" : [
      {
        "objCls" : "Chemical",
        "id" : "PA10268",
        "name" : "flupenthixol",
        "version" : 6
      }
    ],
    "relatedGenes" : [
      {
        "objCls" : "Gene",
        "id" : "PA128",
        "symbol" : "CYP2D6",
        "name" : "cytochrome P450 family 2 subfamily D member 6",
        "version" : 7891
      }
    ],
    "source" : "DPWG",
    "summaryMarkdown" : {
      "id" : 1447981952,
      "html" : "<p>There are currently no dosing recommendations for flupenthixol based on CYP2D6 genotype.</p>\n",
      "version" : 0
    },
    "terms" : [],
    "textMarkdown" : {
      "id" : 1447981951,
      "html" : "<h3 id=\"dutch-pharmacogenetics-working-group-dpwg-guideline-for-the-gene-drug-interaction-between-cyp2d6-cyp3a4-and-cyp1a2-and-antipsychotics-european-journal-of-human-genetics-2023\">Dutch Pharmacogenetics Working Group (DPWG) guideline for the gene-drug interaction between CYP2D6, CYP3A4 and CYP1A2 and antipsychotics.  European journal of human genetics (2023)</h3>\n<p>The Royal Dutch Pharmacists Association - Pharmacogenetics Working Group published a paper with the guidelines for flupentixol and CYP2D6 as per the November 2018 guidelines and further details on the assessed literature [Article:<a href=\"/pmid/37002327\">37002327</a>]. Supplementary Table 10D: &quot;Suggested clinical decision support texts for health care professionals for CYP2D6-flupentixol&quot; states for CYP2D6 UM, IM, PM - flupentixol pairs &quot;This is NOT a gene-drug interaction.&quot;</p>\n<h3 id=\"november-2018-update\">November 2018 Update</h3>\n<p>The Royal Dutch Pharmacists Association - Pharmacogenetics Working Group has evaluated therapeutic dose recommendations for flupenthixol based on CYP2D6 genotypes (UM, IM and PM). They conclude that this is NOT a gene-drug interaction.</p>\n<p>See the <a download=\"DPWG_November_2018.pdf\" href=\"https://api.pharmgkb.org/v1/download/file/attachment/DPWG_November_2018.pdf\">Dutch guidelines November 2018 update</a>.</p>\n<p><a download=\"DPWG_CYP2D6_flupentixol_1532-1533-1534.pdf\" href=\"https://api.pharmgkb.org/v1/download/file/attachment/DPWG_CYP2D6_flupentixol_1532-1533-1534.pdf\">Read for more information about this recommendation</a>, <a download=\"CYP2D6.pdf\" href=\"https://api.pharmgkb.org/v1/download/file/attachment/CYP2D6.pdf\">Read about gene information from DPWG</a></p>\n<h3 id=\"2011-guideline\">2011 Guideline</h3>\n<p>The Royal Dutch Pharmacists Association - Pharmacogenetics Working Group has evaluated therapeutic dose recommendations for flupenthixol based on CYP2D6 genotype [Article:<a href=\"/pmid/21412232\">21412232</a>].  They did not find evidence for a gene-drug interaction and therefore provide no dosing recommendations at this time.</p>\n<table class=\"table\">\n<thead>\n<tr>\n<th>Phenotype (Genotype)</th>\n<th>Therapeutic Dose Recommendation</th>\n<th>Level of Evidence</th>\n<th>Clinical Relevance</th>\n</tr>\n</thead>\n<tbody>\n<tr>\n<td>PM (2 inactive alleles)</td>\n<td>None.</td>\n<td>None.</td>\n<td>None.</td>\n</tr>\n<tr>\n<td>IM (2 decreased activity alleles, or 1 active and 1 inactive allele, or 1 decreased activity and 1 inactive allele)</td>\n<td>None.</td>\n<td>None.</td>\n<td>None.</td>\n</tr>\n<tr>\n<td>UM (gene duplication in absence of inactive or decreased activity alleles)</td>\n<td>None.</td>\n<td>None.</td>\n<td>None.</td>\n</tr>\n</tbody>\n</table>\n<table class=\"table\">\n<thead>\n<tr>\n<th>Allele Type</th>\n<th>Alleles</th>\n</tr>\n</thead>\n<tbody>\n<tr>\n<td>active</td>\n<td>*1, *2, *33, *35</td>\n</tr>\n<tr>\n<td>decreased activity</td>\n<td>*9, *10, *17, *29, *36, *41</td>\n</tr>\n<tr>\n<td>inactive</td>\n<td>*3-*8, *11-*16, *19-*21, *38, *40, *42</td>\n</tr>\n</tbody>\n</table>\n<ul>\n<li>See <a href=\"http://www.pharmgkb.org/page/dpwg\">Methods </a> or [Article:<a href=\"/pmid/18253145\">18253145</a>] for more background information about the project.</li>\n</ul>\n",
      "version" : 16
    },
    "version" : 28
  }
}