{
  "citations" : [],
  "guideline" : {
    "objCls" : "Guideline Annotation",
    "id" : "PA166184613",
    "name" : "Annotation of DPWG Guideline for mercaptopurine and NUDT15",
    "alternateDrugAvailable" : true,
    "cancerGenome" : false,
    "crossReferences" : [],
    "dosingInformation" : true,
    "hasTestingInfo" : true,
    "history" : [
      {
        "id" : 1450821374,
        "date" : "2019-10-08T22:26:21.616-07:00",
        "description" : "August 2019 guidelines",
        "type" : "Update",
        "version" : 0
      },
      {
        "id" : 1450963584,
        "date" : "2020-02-11T06:25:58.977-08:00",
        "description" : "Fixed links to 2019 guideline pdfs.",
        "type" : "Update",
        "version" : 0
      },
      {
        "id" : 1450963585,
        "date" : "2020-02-11T06:28:06.750-08:00",
        "description" : "Changed drug name in table to mercaptopurine from thioguanine",
        "type" : "Update",
        "version" : 0
      },
      {
        "id" : 1451153100,
        "date" : "2020-06-01T12:50:12.977-07:00",
        "description" : "Changes based on May 2020 guideline",
        "type" : "Update",
        "version" : 0
      },
      {
        "id" : 1451704172,
        "date" : "2022-03-03T16:33:21.589-08:00",
        "description" : "Annotation current with May 2021 DPWG Guideline release",
        "type" : "Note",
        "version" : 0
      },
      {
        "id" : 1451707163,
        "date" : "2022-03-08T09:17:00.175-08:00",
        "description" : "Added information about preemptive genotyping",
        "type" : "Update",
        "version" : 0
      },
      {
        "id" : 1451732812,
        "date" : "2022-03-28T09:57:35.295-07:00",
        "description" : "Annotation current with February 2022 DPWG guideline release",
        "type" : "Note",
        "version" : 0
      },
      {
        "id" : 1451733382,
        "date" : "2022-03-28T14:48:12.404-07:00",
        "description" : "Updated link to testing guidance page",
        "type" : "Update",
        "version" : 0
      },
      {
        "id" : 1451741455,
        "date" : "2022-04-05T11:15:57.032-07:00",
        "description" : "Added testing guidance tag",
        "type" : "Update",
        "version" : 0
      },
      {
        "id" : 1451884384,
        "date" : "2022-09-16T10:30:22.768-07:00",
        "description" : "Fixed link to gene information document and added explanatory note",
        "type" : "Update",
        "version" : 0
      },
      {
        "id" : 1452146461,
        "date" : "2023-07-03T13:39:51.123-07:00",
        "description" : "Annotation current with May 2023 DPWG Guideline release",
        "type" : "Note",
        "version" : 0
      },
      {
        "id" : 1452412640,
        "date" : "2024-03-19T06:09:16.849-07:00",
        "description" : "Updated links for risk analysis pdf and preemptive testing page.",
        "type" : "Update",
        "version" : 0
      }
    ],
    "literature" : [
      {"id":15103288,"title":"Dutch Pharmacogenetics Working Group Guidelines August 2019","_sameAs":"https://api.pharmgkb.org/v1/preview/download/file/attachment/DPWG_August_2019.pdf","crossReferences":[{"id":1450815695,"resource":"URL","resourceId":"https://api.pharmgkb.org/v1/preview/download/file/attachment/DPWG_August_2019.pdf","_url":"https://api.pharmgkb.org/v1/preview/download/file/attachment/DPWG_August_2019.pdf"}],"objCls":"Literature","terms":[],"type":"Literature"},
      {"id":15111722,"title":"Dutch Pharmacogenetics Working Group Guidelines May 2020","_sameAs":"https://www.knmp.nl/downloads/pharmacogenetic-recommendations-may-2020.pdf","crossReferences":[{"id":1451152900,"resource":"URL","resourceId":"https://www.knmp.nl/downloads/pharmacogenetic-recommendations-may-2020.pdf","_url":"https://www.knmp.nl/downloads/pharmacogenetic-recommendations-may-2020.pdf"}],"objCls":"Literature","terms":[],"type":"Literature"}
    ],
    "otherPrescribingGuidance" : true,
    "pediatric" : false,
    "recommendation" : true,
    "relatedAlleles" : [],
    "relatedChemicals" : [
      {
        "objCls" : "Chemical",
        "id" : "PA450379",
        "name" : "mercaptopurine",
        "version" : 31
      }
    ],
    "relatedGenes" : [
      {
        "objCls" : "Gene",
        "id" : "PA134963132",
        "symbol" : "NUDT15",
        "name" : "nudix hydrolase 15",
        "version" : 11
      }
    ],
    "source" : "DPWG",
    "summaryMarkdown" : {
      "id" : 1450821371,
      "html" : "<p>Select an alternative drug or reduce the initial dose of mercaptopurine for patients that are NUDT15 poor metabolizers and reduce initial dose for patients that are NUDT15 intermediate metabolizers.</p>\n",
      "version" : 0
    },
    "terms" : [],
    "textMarkdown" : {
      "id" : 1450821372,
      "html" : "<p>Read more about how PharmGKB <a href=\"/page/dpwgMapping\">curates DPWG guidelines</a> using extra information provided by DPWG to enable the interactive genotype tool above.</p>\n<h3 id=\"may-2020-guideline\">May 2020 Guideline</h3>\n<p>The Royal Dutch Pharmacists Association - Pharmacogenetics Working Group has evaluated therapeutic dose recommendations for mercaptopurine based on NUDT15 genotype.  They recommend reducing the initial dose for patients that are intermediate metabolizers and selecting an alternative drug or reducing the initial dose for patients that are poor metabolizers. They removed the sentence &quot;Monitoring should be performed at an increased frequency.&quot; from the previous recommendation.</p>\n<p><em>Wording in table taken from the <a download=\"DPWG_May_2020.pdf\" href=\"https://api.pharmgkb.org/v1/download/file/attachment/DPWG_May_2020.pdf\">Dutch guidelines May 2020 update</a>.</em></p>\n<table class=\"table\">\n<thead>\n<tr>\n<th>Allele/Genotype/Phenotype</th>\n<th>Drug</th>\n<th>Description</th>\n<th>Recommendation</th>\n</tr>\n</thead>\n<tbody>\n<tr>\n<td>NUDT15 IM</td>\n<td>mercaptopurine</td>\n<td>Grade &gt;= 2 leukopaenia occurs in 42% of these patients with standard therapy. The genetic variation increases the concentration of the fully activated metabolite of azathioprine and mercaptopurine.</td>\n<td>- IMMUNOSUPPRESSION:start with 50% of the standard dose. Adjustment of the initial dose should be performed based on toxicity (monitoring of the blood counts) and efficacy.<br/>Note: The percentage of 50% is based on the analogy with TPMT, for which the gene variants have a comparable effect on toxicity to those of NUDT15. A percentage of &lt; 70% was calculated for NUDT15, but there were insufficient data available to calculate the exact percentage.<br/>Note: Dose adjustment based on the total of 6-TGN metabolites is not possible for these patients, as they develop toxicity within the therapeutic range that applies for patients without gene variants.<br/>- LEUKAEMIA: start at 50% of the standard mercaptopurine dose, or start with the standard dose and reduce to 50% if side effects necessitate a dose reduction. It is not known whether dose reduction in advance results in the same efficacy as dose reduction based on toxicity. Adjustment of the initial dose should be performed based on toxicity (monitoring of the blood counts) and efficacy. Monitoring should be performed at an increased frequency.<br/>Note: The percentage of 50% is based on the analogy with TPMT, for which the gene variants have a comparable effect on toxicity to those of NUDT15. A percentage of &lt; 70% was calculated for NUDT15, but there were insufficient data available to calculate the exact percentage.<br/>Note: Dose adjustment based on the total of 6-TGN metabolites is not possible for these patients, as they develop toxicity within the therapeutic range that applies for patients without gene variants.<br/>Note: more stringent dose reductions are necessary if the patient is also TPMT IM or TPMT PM.</td>\n</tr>\n<tr>\n<td>NUDT15 PM</td>\n<td>mercaptopurine</td>\n<td>Grade &gt;= 2 leukopaenia occurs in 96% of these patients with standard therapy. The genetic variation increases the concentration of the fully activated metabolite of azathioprine and mercaptopurine.</td>\n<td>- avoid azathioprine and mercaptopurine.  If it is not possible to avoid azathioprine and mercaptopurine: use 10% of the standard dose and advise patients to seek medical attention when symptoms of myelosuppression (such as severe sore throat in combination with fever, regular nosebleeds and tendency to bruising) occur. Any adjustment of the initial dose should be guided by toxicity (monitoring of blood counts) and efficacy.<br/>Note: The percentage of 10% is based on the analogy with TPMT, for which the gene variants have a comparable effect on toxicity to those of NUDT15. A percentage of &lt; 20% was calculated for NUDT15 PM, but there were insufficient data available to calculate the exact percentage.<br/>Note: Dose adjustment based on the total of 6-TGN metabolites is not possible for these patients, as they develop toxicity within the therapeutic range that applies for patients without gene variants.</td>\n</tr>\n</tbody>\n</table>\n<p><a download=\"DPWG_NUDT15_azathioprine_6-mercaptopurine_7035-7036.pdf\" href=\"https://api.pharmgkb.org/v1/download/file/attachment/DPWG_NUDT15_azathioprine_6-mercaptopurine_7035-7036.pdf\">Read for more information about this recommendation</a>, <a download=\"NUDT15.pdf\" href=\"https://api.pharmgkb.org/v1/download/file/attachment/NUDT15.pdf\">Read about gene information from DPWG</a></p>\n<h4 id=\"preemptive-genotyping\">Preemptive genotyping</h4>\n<p>Excerpts from the <a download=\"DPWG_NUDT15_azathioprine_6-mercaptopurine_7035-7036.pdf\" href=\"https://api.pharmgkb.org/v1/download/file/attachment/DPWG_NUDT15_azathioprine_6-mercaptopurine_7035-7036.pdf\">DPWG risk analysis document</a> for azathioprine and NUDT15:</p>\n<blockquote class=\"blockquote\">\n<p>The Dutch Pharmacogenetics Working Group considers genotyping before starting azathioprine or 6-mercaptopurine to be essential for drug safety. Genotyping must be performed before drug therapy has been initiated to guide drug and dose selection.</p>\n</blockquote>\n<p><a href=\"/page/dpwgPreemptiveGenotyping\">Read more about how DPWG assigns their recommendations for preemptive genotyping.</a></p>\n<h3 id=\"august-2019-guideline\">August 2019 Guideline</h3>\n<p>The Royal Dutch Pharmacists Association - Pharmacogenetics Working Group has evaluated therapeutic dose recommendations for mercaptopurine based on NUDT15 genotype.  They recommend reducing the initial dose for patients that are intermediate metabolizers and selecting an alternative drug or reducing the initial dose for patients that are poor metabolizers. They updated the wording for the intermediate metabolizer recommendation, reflected in the table below.</p>\n<p><em>Wording in table taken from the <a download=\"DPWG_August_2019.pdf\" href=\"https://api.pharmgkb.org/v1/download/file/attachment/DPWG_August_2019.pdf\">Dutch guidelines August 2019 update</a>.</em></p>\n<table class=\"table\">\n<thead>\n<tr>\n<th>Allele/Genotype/Phenotype</th>\n<th>Drug</th>\n<th>Description</th>\n<th>Recommendation</th>\n</tr>\n</thead>\n<tbody>\n<tr>\n<td>NUDT15 IM</td>\n<td>mercaptopurine</td>\n<td>Grade = 2 leukopaenia occurs in 42% of these patients with standard therapy. The genetic variation increases the concentration of the fully activated metabolite of azathioprine and mercaptopurine.</td>\n<td>- IMMUNOSUPPRESSION:start with 50% of the standard dose. Adjustment of the initial dose should be performed based on toxicity (monitoring of the blood counts) and efficacy. Monitoring should be performed at an increased frequency.<br/>Note: The percentage of 50% is based on the analogy with TPMT, for which the gene variants have a comparable effect on toxicity to those of NUDT15. A percentage of &lt; 70% was calculated for NUDT15, but there were insufficient data available to calculate the exact percentage.<br/>Note: Dose adjustment based on the total of 6-TGN metabolites is not possible for these patients, as they develop toxicity within the therapeutic range that applies for patients without gene variants.<br/>- LEUKAEMIA: start at 50% of the standard mercaptopurine dose, or start with the standard dose and reduce to 50% if side effects necessitate a dose reduction. It is not known whether dose reduction in advance results in the same efficacy as dose reduction based on toxicity. Adjustment of the initial dose should be performed based on toxicity (monitoring of the blood counts) and efficacy. Monitoring should be performed at an increased frequency.<br/>Note: The percentage of 50% is based on the analogy with TPMT, for which the gene variants have a comparable effect on toxicity to those of NUDT15. A percentage of &lt; 70% was calculated for NUDT15, but there were insufficient data available to calculate the exact percentage.<br/>Note: Dose adjustment based on the total of 6-TGN metabolites is not possible for these patients, as they develop toxicity within the therapeutic range that applies for patients without gene variants.<br/>Note: more stringent dose reductions are necessary if the patient is also TPMT IM.</td>\n</tr>\n<tr>\n<td>NUDT15 PM</td>\n<td>mercaptopurine</td>\n<td>Grade = 2 leukopaenia occurs in 96% of these patients with standard therapy. The genetic variation increases the concentration of the fully activated metabolite of azathioprine and mercaptopurine.</td>\n<td>- avoid azathioprine and mercaptopurine.  If it is not possible to avoid azathioprine and mercaptopurine: use 10% of the standard dose and advise patients to seek medical attention when symptoms of myelosuppression (such as severe sore throat in combination with fever, regular nosebleeds and tendency to bruising) occur. Any adjustment of the initial dose should be guided by toxicity (monitoring of blood counts) and efficacy. Monitoring should be performed at an increased frequency.<br/>Note: The percentage of 10% is based on the analogy with TPMT, for which the gene variants have a comparable effect on toxicity to those of NUDT15. A percentage of &lt; 20% was calculated for NUDT15 PM, but there were insufficient data available to calculate the exact percentage.<br/>Note: Dose adjustment based on the total of 6-TGN metabolites is not possible for these patients, as they develop toxicity within the therapeutic range that applies for patients without gene variants.</td>\n</tr>\n</tbody>\n</table>\n",
      "version" : 7
    },
    "version" : 11
  }
}