{
  "citations" : [],
  "guideline" : {
    "objCls" : "Guideline Annotation",
    "id" : "PA166122687",
    "name" : "Annotation of CPIC Guideline for tegafur and DPYD",
    "alternateDrugAvailable" : false,
    "cancerGenome" : false,
    "crossReferences" : [
      {
        "id" : 1447983463,
        "name" : "CPIC® Guideline for Fluoropyrimidines and DPYD – CPIC",
        "resource" : "URL",
        "resourceId" : "https://cpicpgx.org/guidelines/guideline-for-fluoropyrimidines-and-dpyd/",
        "_url" : "https://cpicpgx.org/guidelines/guideline-for-fluoropyrimidines-and-dpyd/",
        "version" : 1
      }
    ],
    "dosingInformation" : false,
    "hasTestingInfo" : false,
    "history" : [
      {
        "id" : 1184511813,
        "date" : "2014-07-30T00:00:00-07:00",
        "type" : "Update",
        "version" : 0
      },
      {
        "id" : 1448604798,
        "date" : "2017-03-16T17:31:25.756-07:00",
        "description" : "Updated extended dosing guidelines",
        "type" : "Update",
        "version" : 0
      },
      {
        "id" : 1449140377,
        "date" : "2017-11-13T00:00:00-08:00",
        "description" : "October 2017 guideline update",
        "type" : "Update",
        "version" : 1
      },
      {
        "id" : 1449165692,
        "date" : "2018-02-02T12:02:50.660-08:00",
        "description" : "Changed CPIC level from A to C due to new guidelines",
        "type" : "Update",
        "version" : 0
      }
    ],
    "literature" : [
      {"id":15062135,"title":"Clinical Pharmacogenetics Implementation Consortium guidelines for dihydropyrimidine dehydrogenase genotype and fluoropyrimidine dosing.","_sameAs":"https://www.ncbi.nlm.nih.gov/pmc/articles/PMC3831181","crossReferences":[{"id":1449277398,"resource":"PubMed Central","resourceId":"PMC3831181","_url":"https://www.ncbi.nlm.nih.gov/pmc/articles/PMC3831181"},{"id":1449277397,"resource":"PubMed","resourceId":"23988873","_url":"https://www.ncbi.nlm.nih.gov/pubmed/23988873"},{"id":1449277399,"resource":"DOI","resourceId":"10.1038/clpt.2013.172","_url":"http://dx.doi.org/10.1038%2Fclpt.2013.172"}],"objCls":"Literature","pubDate":"2013-12-01T00:00:00-08:00","terms":[{"id":1451577480,"resource":"PGx Paper Types","term":"Implementation","termId":"pgxPaperTypes:1451577480"}],"type":"Literature"}
    ],
    "otherPrescribingGuidance" : false,
    "pediatric" : false,
    "recommendation" : false,
    "relatedAlleles" : [],
    "relatedChemicals" : [
      {
        "objCls" : "Chemical",
        "id" : "PA452620",
        "name" : "tegafur",
        "version" : 26
      }
    ],
    "relatedGenes" : [
      {
        "objCls" : "Gene",
        "id" : "PA145",
        "symbol" : "DPYD",
        "name" : "dihydropyrimidine dehydrogenase",
        "version" : 6908
      }
    ],
    "source" : "CPIC",
    "summaryMarkdown" : {
      "id" : 1451433654,
      "html" : "<p><strong>As of the <a rel=\"noopener noreferrer\" href=\"https://files.cpicpgx.org/data/guideline/publication/fluoropyrimidines/2017/29152729.pdf\" target=\"_blank\">November 2017 update</a> of CPIC guidelines regarding fluoropyrimidine dosing, there are no longer dosing recommendations for tegafur based on <em>DPYD</em>  genotype. This is due to limited evidence regarding the impact of <em>DPYD</em> variants on tegafur toxicity risk. The guidelines currently only apply to 5-fluorouracil and capecitabine dosing.</strong></p>\n",
      "version" : 0
    },
    "terms" : [],
    "textMarkdown" : {
      "id" : 1451433655,
      "html" : "<p>This annotation is based on the <a rel=\"noopener noreferrer\" href=\"https://cpicpgx.org/guidelines/guideline-for-fluoropyrimidines-and-dpyd/\" target=\"_blank\">CPIC&reg; guideline for fluoropyrimidines and DPYD</a>.</p>\n<h3 id=\"november-2017-update-on-pharmgkb\">November 2017 Update on PharmGKB</h3>\n<p><em>Advance online publication November 2017</em></p>\n<ul>\n<li>The 2017 update of CPIC guidelines regarding 5-fluorouracil and capecitabine has been accepted for publication in Clinical Pharmacology and Therapeutics.  Literature up to March 2017 was reviewed, and recommendations and supplemental information were updated. <strong>In particular, the dosing recommendations were modified to only apply to 5-fluorouracil and capecitabine; they no longer apply to tegafur. This is due to limited evidence regarding the impact of <em>DPYD</em> variants on tegafur toxicity risk.</strong></li>\n<li>Download and read:\n<ul>\n<li><a rel=\"noopener noreferrer\" href=\"https://files.cpicpgx.org/data/guideline/publication/fluoropyrimidines/2017/29152729.pdf\" target=\"_blank\">Clinical Pharmacogenetics Implementation Consortium Guideline for Dihydropyrimidine Dehydrogenase Genotype and Fluoropyrimidine Dosing: 2017 Update</a></li>\n<li><a rel=\"noopener noreferrer\" href=\"https://files.cpicpgx.org/data/guideline/publication/fluoropyrimidines/2017/29152729-supplement.pdf\" target=\"_blank\">2017 supplement</a></li>\n</ul>\n</li>\n</ul>\n<h3 id=\"may-2014-update-on-pharmgkb\">May 2014 Update on PharmGKB</h3>\n<ul>\n<li>The CPIC authors recommend that the <em>DPYD*4</em>, <em>*5</em>, <em>*6</em> and <em>*9A</em> alleles be categorized as &quot;normal&quot; activity, in part based upon the recent publication <a rel=\"noopener noreferrer\" href=\"http://www.ncbi.nlm.nih.gov/pubmed/?term=24648345\" target=\"_blank\">Comparative Functional Analysis of DPYD Variants of Potential Clinical Relevance to Dihydropyrimidine Dehydrogenase Activity</a>.</li>\n</ul>\n<h3 id=\"december-2013-publication\">December 2013 Publication</h3>\n<p><em>Accepted article preview online August 2013; Advance online publication October 2013.</em></p>\n<ul>\n<li>Guidelines regarding the use of pharmacogenomic tests in dosing for fluoropyrimidines have been published in <em>Clinical Pharmacology and Therapeutics</em> by the Clinical Pharmacogenetics Implementation Consortium <a rel=\"noopener noreferrer\" href=\"https://cpicpgx.org\" target=\"_blank\">(CPIC)</a>.</li>\n<li>These guidelines are applicable to:\n<ul>\n<li>at the time of this writing, there are no data available on the possible role of DPYD*2A, *13, or <a href=\"/variant/PA166153895\">rs67376798</a> in 5-fluorouracil toxicities in pediatric patient populations; however, there is no reason to suspect that DPYD variant alleles would affect 5-fluorouracil metabolism differently in children compared to adults.</li>\n</ul>\n</li>\n<li>Excerpt from the fluoropyrimidine dosing guideline based on DPYD genotype:\n<ul>\n<li>&quot;The strength of the dosing recommendations is based on the fact that some variants (DPYD*2A, *13, and <a href=\"/variant/PA166153895\">rs67376798</a>) clearly affect DPD activity, and DPD activity is clearly related to 5-fluorouracil clearance, and 5-fluorouracil exposure is associated with its toxic effects. Therefore, reduction of fluoropyrimidine dosage in patients with these variants may prevent severe and possibly life-threatening toxicities. However, available evidence does not clearly indicate a degree of dose reduction needed to prevent fluoropyrimidine related toxicities...[Based on literature review (see full manuscript),] our recommendation is to start with at least a 50% reduction of the starting dose followed by an increase in dose in patients experiencing no or clinically tolerable toxicity to maintain efficacy, a decrease in dose in patients who do not tolerate the starting dose to minimize toxicities or pharmacokinetic guided dose adjustments (if available). Patients who are homozygous for DPYD*2A, *13, or <a href=\"/variant/PA166153895\">rs67376798</a> may demonstrate complete DPD deficiency and the use of 5-fluorouracil or capecitabine is not recommended in these patients.&quot;</li>\n</ul>\n</li>\n<li>Download and read:\n<ul>\n<li><a rel=\"noopener noreferrer\" href=\"https://files.cpicpgx.org/data/guideline/publication/fluoropyrimidines/2013/23988873.pdf\" target=\"_blank\">Clinical Pharmacogenetics Implementation Consortium Guidelines for Dihydropyrimidine Dehydrogenase Genotype and Fluoropyrimidine Dosing</a></li>\n<li><a rel=\"noopener noreferrer\" href=\"https://files.cpicpgx.org/data/guideline/publication/fluoropyrimidines/2013/23988873-supplement.pdf\" target=\"_blank\">2013 supplement</a></li>\n</ul>\n</li>\n</ul>\n<h3 id=\"table-1-recommended-dosing-of-fluoropyrimidines-by-genotype-phenotype\">Table 1: Recommended dosing of fluoropyrimidines by genotype/phenotype.</h3>\n<p><em>Adapted from Tables 1 and 2 of the 2013 guideline manuscript.</em></p>\n<table class=\"table\">\n<thead>\n<tr>\n<th>Phenotype (genotype)</th>\n<th>Examples of diplotypes</th>\n<th>Implications for phenotypic measures</th>\n<th>Dosing recommendations</th>\n<th>Classification of recommendations <sup>a</sup></th>\n</tr>\n</thead>\n<tbody>\n<tr>\n<td>Homozygous wild-type or normal, high DPD activity (two or more functional *1 alleles)</td>\n<td>*1/*1</td>\n<td>Normal DPD activity and &quot;normal&quot; risk for fluoropyrimidine toxicity</td>\n<td>Use label-recommended dosage and administration</td>\n<td>Moderate</td>\n</tr>\n<tr>\n<td>Heterozygous or intermediate activity (~3-5% of patients), may have partial DPD deficiency, at risk for toxicity with drug exposure (one functional allele *1, plus one nonfunctional allele - *2A, *13 or rs67376798A <sup>c</sup>)</td>\n<td>*1/*2A; *1/*13; *1/ rs67376798A <sup>c</sup>)</td>\n<td>Decreased DPD activity (leukocyte DPD activity at 30% to 70% that of the normal population) and increased risk for severe or even fatal drug toxicity when treated with fluoropyrimidine drugs</td>\n<td>Start with at least a 50% reduction in starting dose followed by titration of dose based on toxicity <sup>b</sup> or pharmacokinetic test (if available)</td>\n<td>Moderate</td>\n</tr>\n<tr>\n<td>Homozygous variant, DPD deficiency (~0.2% of patients), at risk for toxicity with drug exposure (2 nonfunctional alleles - *2A, *13 or rs67376798A <sup>c</sup>)</td>\n<td>*2A/*2A; *13/*13; rs67376798A <sup>c</sup> / rs67376798A <sup>c</sup></td>\n<td>Complete DPD deficiency and increased risk for severe or even fatal drug toxicity when treated with fluoropyrimidine drugs</td>\n<td>Select alternate drug</td>\n<td>Strong</td>\n</tr>\n</tbody>\n</table>\n<p><sup>a</sup> Rating scheme described in 2013 supplement.</p>\n<p><sup>b</sup> Increase the dose in patients experiencing no or clinically tolerable toxicity to maintain efficacy; decrease the dose in patients who do not tolerate the starting dose to minimize toxicities.</p>\n<p><sup>c</sup> Note that the rs67376798A allele refers to the allele on the positive chromosomal strand.  This is important because DPYD is on the minus chromosomal strand and <a href=\"/variant/PA166153895\">rs67376798</a> is a T/A snp.  Therefore, the T allele on the gene confers the deficiency, while the complement on the positive chromosomal strand (A allele) is indicative of deficiency.</p>\n",
      "version" : 0
    },
    "version" : 41
  }
}