{
  "citations" : [],
  "guideline" : {
    "objCls" : "Guideline Annotation",
    "id" : "PA166182813",
    "name" : "Annotation of DPWG Guideline for fluvoxamine and CYP2D6",
    "alternateDrugAvailable" : false,
    "cancerGenome" : false,
    "crossReferences" : [],
    "dosingInformation" : false,
    "hasTestingInfo" : false,
    "history" : [
      {
        "id" : 1450414977,
        "date" : "2019-05-23T00:00:00-07:00",
        "description" : "Annotation current with November 2018 DPWG Guideline release",
        "type" : "Update",
        "version" : 0
      },
      {
        "id" : 1450820652,
        "date" : "2019-10-03T14:19:39.287-07:00",
        "description" : "No changes based on August 2019 guideline",
        "type" : "Note",
        "version" : 0
      },
      {
        "id" : 1450963504,
        "date" : "2020-02-11T05:56:51.642-08:00",
        "description" : "Fixed links to 2018 guideline pdfs.",
        "type" : "Update",
        "version" : 0
      },
      {
        "id" : 1451632740,
        "date" : "2022-01-03T13:53:34.708-08:00",
        "description" : "Added DPWG SSRI guideline publication. Minor edit to annotation text.",
        "type" : "Update",
        "version" : 0
      },
      {
        "id" : 1451632883,
        "date" : "2022-01-03T15:06:47.223-08:00",
        "description" : "Added DPWG SSRI guideline publication.",
        "type" : "Update",
        "version" : 0
      },
      {
        "id" : 1451704167,
        "date" : "2022-03-03T16:33:20.824-08:00",
        "description" : "Annotation current with May 2021 DPWG Guideline release",
        "type" : "Note",
        "version" : 0
      },
      {
        "id" : 1451732807,
        "date" : "2022-03-28T09:57:34.616-07:00",
        "description" : "Annotation current with February 2022 DPWG guideline release",
        "type" : "Note",
        "version" : 0
      },
      {
        "id" : 1451884270,
        "date" : "2022-09-16T10:18:51.836-07:00",
        "description" : "Fixed link to gene information document and added explanatory note",
        "type" : "Update",
        "version" : 0
      },
      {
        "id" : 1452146455,
        "date" : "2023-07-03T13:39:48.812-07:00",
        "description" : "Annotation current with May 2023 DPWG Guideline release",
        "type" : "Note",
        "version" : 0
      },
      {
        "id" : 1452411680,
        "date" : "2024-03-18T11:56:59.259-07:00",
        "description" : "Updated links for risk analysis pdf.",
        "type" : "Update",
        "version" : 0
      },
      {
        "id" : 1452424585,
        "date" : "2024-03-29T11:42:49.865-07:00",
        "description" : "Removed message about gene information document availability.",
        "type" : "Update",
        "version" : 0
      }
    ],
    "literature" : [
      {"id":15126562,"title":"Dutch Pharmacogenetics Working Group (DPWG) guideline for the gene-drug interaction between CYP2C19 and CYP2D6 and SSRIs.","_sameAs":"https://www.ncbi.nlm.nih.gov/pmc/articles/PMC9553948","crossReferences":[{"id":1452680280,"resource":"PubMed Central","resourceId":"PMC9553948","_url":"https://www.ncbi.nlm.nih.gov/pmc/articles/PMC9553948"},{"id":1451632760,"resource":"PubMed","resourceId":"34782755","_url":"https://www.ncbi.nlm.nih.gov/pubmed/34782755"},{"id":1451632761,"resource":"DOI","resourceId":"10.1038/s41431-021-01004-7","_url":"http://dx.doi.org/10.1038%2Fs41431-021-01004-7"}],"objCls":"Literature","pubDate":"2022-10-01T00:00:00-07:00","terms":[{"id":1451577480,"resource":"PGx Paper Types","term":"Implementation","termId":"pgxPaperTypes:1451577480"}],"type":"Literature"},
      {"id":15103288,"title":"Dutch Pharmacogenetics Working Group Guidelines August 2019","_sameAs":"https://api.pharmgkb.org/v1/preview/download/file/attachment/DPWG_August_2019.pdf","crossReferences":[{"id":1450815695,"resource":"URL","resourceId":"https://api.pharmgkb.org/v1/preview/download/file/attachment/DPWG_August_2019.pdf","_url":"https://api.pharmgkb.org/v1/preview/download/file/attachment/DPWG_August_2019.pdf"}],"objCls":"Literature","terms":[],"type":"Literature"},
      {"id":15102465,"title":"Dutch Pharmacogenetics Working Group Guidelines November 2018","_sameAs":"https://api.pharmgkb.org/v1/preview/download/file/attachment/DPWG_November_2018.pdf","crossReferences":[{"id":1450415575,"resource":"URL","resourceId":"https://api.pharmgkb.org/v1/preview/download/file/attachment/DPWG_November_2018.pdf","_url":"https://api.pharmgkb.org/v1/preview/download/file/attachment/DPWG_November_2018.pdf"}],"objCls":"Literature","terms":[],"type":"Literature"}
    ],
    "otherPrescribingGuidance" : false,
    "pediatric" : false,
    "recommendation" : false,
    "relatedAlleles" : [],
    "relatedChemicals" : [
      {
        "objCls" : "Chemical",
        "id" : "PA449690",
        "name" : "fluvoxamine",
        "version" : 8
      }
    ],
    "relatedGenes" : [
      {
        "objCls" : "Gene",
        "id" : "PA128",
        "symbol" : "CYP2D6",
        "name" : "cytochrome P450 family 2 subfamily D member 6",
        "version" : 7891
      }
    ],
    "source" : "DPWG",
    "summaryMarkdown" : {
      "id" : 1450414974,
      "html" : "<p>There are currently no dosing recommendations for fluvoxamine based on CYP2D6 genotype.</p>\n",
      "version" : 0
    },
    "terms" : [],
    "textMarkdown" : {
      "id" : 1450414975,
      "html" : "<h3 id=\"dutch-pharmacogenetics-working-group-dpwg-guideline-for-the-gene-drug-interaction-between-cyp2c19-and-cyp2d6-and-ssris-european-journal-of-human-genetics-2021\">Dutch Pharmacogenetics Working Group (DPWG) guideline for the gene-drug interaction between CYP2C19 and CYP2D6 and SSRIs. European journal of human genetics (2021)</h3>\n<p>The Royal Dutch Pharmacists Association - Pharmacogenetics Working Group published a paper which reiterates that no action is required for the interaction between fluvoxamine and CYP2D6 [Article:<a href=\"/pmid/34782755\">34782755</a>].</p>\n<h3 id=\"november-2018-guideline\">November 2018 Guideline</h3>\n<p>The Royal Dutch Pharmacists Association - Pharmacogenetics Working Group has evaluated therapeutic dose recommendations for fluvoxamine based on CYP2D6 genotypes. They conclude that NO action is required for this gene-drug interaction. The difference in plasma concentrations for varying CYP2D6 metabolizers (PM, IM, UM) has not been shown to demonstrate differences in side effects or efficacy. See the <a download=\"DPWG_November_2018.pdf\" href=\"https://api.pharmgkb.org/v1/download/file/attachment/DPWG_November_2018.pdf\">Dutch guidelines November 2018 update</a>.</p>\n<p><a download=\"DPWG_CYP2D6_fluvoxamine_5993-5994-5995.pdf\" href=\"https://api.pharmgkb.org/v1/download/file/attachment/DPWG_CYP2D6_fluvoxamine_5993-5994-5995.pdf\">Read for more information about this recommendation</a>, <a download=\"CYP2D6.pdf\" href=\"https://api.pharmgkb.org/v1/download/file/attachment/CYP2D6.pdf\">Read about gene information from DPWG</a></p>\n",
      "version" : 6
    },
    "version" : 9
  }
}