{
  "citations" : [],
  "guideline" : {
    "objCls" : "Guideline Annotation",
    "id" : "PA166182818",
    "name" : "Annotation of DPWG Guideline for clonidine and CYP2D6",
    "alternateDrugAvailable" : false,
    "cancerGenome" : false,
    "crossReferences" : [],
    "dosingInformation" : false,
    "hasTestingInfo" : false,
    "history" : [
      {
        "id" : 1450415010,
        "date" : "2019-05-23T00:00:00-07:00",
        "description" : "Annotation current with November 2018 DPWG Guideline release",
        "type" : "Create",
        "version" : 0
      },
      {
        "id" : 1450820784,
        "date" : "2019-10-06T22:50:22.989-07:00",
        "description" : "No changes based on August 2019 guideline",
        "type" : "Update",
        "version" : 0
      },
      {
        "id" : 1450962743,
        "date" : "2020-02-10T10:51:09.935-08:00",
        "description" : "Fixed links to 2018 guideline pdfs.",
        "type" : "Update",
        "version" : 0
      },
      {
        "id" : 1451704177,
        "date" : "2022-03-03T16:33:22.355-08:00",
        "description" : "Annotation current with May 2021 DPWG Guideline release",
        "type" : "Note",
        "version" : 0
      },
      {
        "id" : 1451732817,
        "date" : "2022-03-28T09:57:36.015-07:00",
        "description" : "Annotation current with February 2022 DPWG guideline release",
        "type" : "Note",
        "version" : 0
      },
      {
        "id" : 1451884186,
        "date" : "2022-09-16T10:00:14.840-07:00",
        "description" : "Fixed link to gene information document and added explanatory note",
        "type" : "Update",
        "version" : 0
      },
      {
        "id" : 1451968242,
        "date" : "2022-12-19T08:28:52.472-08:00",
        "description" : "Added 2022 guideline paper.",
        "type" : "Update",
        "version" : 0
      },
      {
        "id" : 1452146466,
        "date" : "2023-07-03T13:39:52.981-07:00",
        "description" : "Annotation current with May 2023 DPWG Guideline release",
        "type" : "Note",
        "version" : 0
      },
      {
        "id" : 1452411120,
        "date" : "2024-03-18T09:04:12.064-07:00",
        "description" : "Updated links for risk analysis pdf.",
        "type" : "Update",
        "version" : 0
      }
    ],
    "literature" : [
      {"id":15139382,"title":"Dutch pharmacogenetics working group (DPWG) guideline for the gene-drug interaction of CYP2D6 and COMT with atomoxetine and methylphenidate.","_sameAs":"https://www.ncbi.nlm.nih.gov/pmc/articles/PMC10689464","crossReferences":[{"id":1452323500,"resource":"PubMed Central","resourceId":"PMC10689464","_url":"https://www.ncbi.nlm.nih.gov/pmc/articles/PMC10689464"},{"id":1451967460,"resource":"PubMed","resourceId":"36509836","_url":"https://www.ncbi.nlm.nih.gov/pubmed/36509836"},{"id":1451967461,"resource":"DOI","resourceId":"10.1038/s41431-022-01262-z","_url":"http://dx.doi.org/10.1038%2Fs41431-022-01262-z"}],"objCls":"Literature","pubDate":"2023-12-01T00:00:00-08:00","terms":[{"id":1451577480,"resource":"PGx Paper Types","term":"Implementation","termId":"pgxPaperTypes:1451577480"}],"type":"Literature"},
      {"id":15103288,"title":"Dutch Pharmacogenetics Working Group Guidelines August 2019","_sameAs":"https://api.pharmgkb.org/v1/preview/download/file/attachment/DPWG_August_2019.pdf","crossReferences":[{"id":1450815695,"resource":"URL","resourceId":"https://api.pharmgkb.org/v1/preview/download/file/attachment/DPWG_August_2019.pdf","_url":"https://api.pharmgkb.org/v1/preview/download/file/attachment/DPWG_August_2019.pdf"}],"objCls":"Literature","terms":[],"type":"Literature"},
      {"id":15102465,"title":"Dutch Pharmacogenetics Working Group Guidelines November 2018","_sameAs":"https://api.pharmgkb.org/v1/preview/download/file/attachment/DPWG_November_2018.pdf","crossReferences":[{"id":1450415575,"resource":"URL","resourceId":"https://api.pharmgkb.org/v1/preview/download/file/attachment/DPWG_November_2018.pdf","_url":"https://api.pharmgkb.org/v1/preview/download/file/attachment/DPWG_November_2018.pdf"}],"objCls":"Literature","terms":[],"type":"Literature"}
    ],
    "otherPrescribingGuidance" : false,
    "pediatric" : false,
    "recommendation" : false,
    "relatedAlleles" : [],
    "relatedChemicals" : [
      {
        "objCls" : "Chemical",
        "id" : "PA449051",
        "name" : "clonidine",
        "version" : 12
      }
    ],
    "relatedGenes" : [
      {
        "objCls" : "Gene",
        "id" : "PA128",
        "symbol" : "CYP2D6",
        "name" : "cytochrome P450 family 2 subfamily D member 6",
        "version" : 7891
      }
    ],
    "source" : "DPWG",
    "summaryMarkdown" : {
      "id" : 1450415008,
      "html" : "<p>There are currently no dosing recommendations for clonidine based on CYP2D6 genotype and DPWG suggest clonidine as possible alternative for atomoxetine in variant CYP2D6 metabolisers.</p>\n",
      "version" : 1
    },
    "terms" : [],
    "textMarkdown" : {
      "id" : 1450415009,
      "html" : "<h3 id=\"dutch-pharmacogenetics-working-group-dpwg-guideline-for-the-gene-drug-interaction-of-cyp2d6-and-comt-with-atomoxetine-and-methylphenidate\">Dutch pharmacogenetics working group (DPWG) guideline for the gene-drug interaction of CYP2D6 and COMT with atomoxetine and methylphenidate</h3>\n<p>The Royal Dutch Pharmacists Association - Pharmacogenetics Working Group published a paper concluding after systematic literature review that &quot;no interaction was found between CYP2D6 and clonidine, confirming the suitability of clonidine as a possible alternative\nfor atomoxetine in variant CYP2D6 metabolisers&quot; <a href=\"/literature/15139382\">PMID: 36509836</a>.</p>\n<h3 id=\"november-2018-guideline\">November 2018 Guideline</h3>\n<p><em><strong>IMPORTANT: As of March 2022, gene information documents from the DPWG are no longer publicly available from the KNMP website. PharmGKB is currently providing PDF versions of these documents to users. These files were downloaded in February 2022. As such, we cannot guarantee that these documents match the mappings DPWG may use internally as there have been no publicly accessible updates since February 2022.</strong></em></p>\n<p>The Royal Dutch Pharmacists Association - Pharmacogenetics Working Group has evaluated therapeutic dose recommendations for clonidine based on CYP2D6 genotypes (UM, IM and PM). They conclude that this is NOT a gene-drug interaction (see <a download=\"DPWG_November_2018.pdf\" href=\"https://api.pharmgkb.org/v1/download/file/attachment/DPWG_November_2018.pdf\">Dutch guidelines November 2018 update</a>).</p>\n<p><a download=\"DPWG_CYP2D6_clonidine_2530-2531-2532.pdf\" href=\"https://api.pharmgkb.org/v1/download/file/attachment/DPWG_CYP2D6_clonidine_2530-2531-2532.pdf\">Read for more information about this recommendation</a>, <a download=\"CYP2D6.pdf\" href=\"https://api.pharmgkb.org/v1/download/file/attachment/CYP2D6.pdf\">Read about gene information from DPWG</a></p>\n",
      "version" : 5
    },
    "version" : 8
  }
}