{
  "citations" : [],
  "guideline" : {
    "objCls" : "Guideline Annotation",
    "id" : "PA166105005",
    "name" : "Annotation of CPIC Guideline for simvastatin and SLCO1B1",
    "alternateDrugAvailable" : true,
    "cancerGenome" : false,
    "crossReferences" : [
      {
        "id" : 1451668356,
        "resource" : "URL",
        "resourceId" : "https://cpicpgx.org/guidelines/cpic-guideline-for-statins/",
        "_url" : "https://cpicpgx.org/guidelines/cpic-guideline-for-statins/",
        "version" : 0
      }
    ],
    "descriptiveVideoId" : "SN3SiKDcoS8",
    "dosingInformation" : true,
    "hasTestingInfo" : false,
    "history" : [
      {
        "id" : 1183699778,
        "date" : "2012-05-23T00:00:00-07:00",
        "type" : "Create",
        "version" : 0
      },
      {
        "id" : 1184348497,
        "date" : "2014-05-12T00:00:00-07:00",
        "description" : "added SLCO1B1 translation table",
        "type" : "Update",
        "version" : 0
      },
      {
        "id" : 1184469595,
        "date" : "2014-06-17T00:00:00-07:00",
        "type" : "Update",
        "version" : 0
      },
      {
        "id" : 1184472225,
        "date" : "2014-06-30T00:00:00-07:00",
        "description" : "Updated translation table to version from 27 June 2014",
        "type" : "Update",
        "version" : 0
      },
      {
        "id" : 1451266841,
        "date" : "2020-09-21T12:14:32.683-07:00",
        "description" : "add pediatric-specific  tag and text",
        "type" : "Update",
        "version" : 0
      },
      {
        "id" : 1451452320,
        "date" : "2021-05-28T15:24:45.110-07:00",
        "description" : "Updated link to video",
        "type" : "Update",
        "version" : 0
      },
      {
        "id" : 1451687080,
        "date" : "2022-02-17T10:49:33.830-08:00",
        "description" : "update based on CPIC statin 2022 update",
        "type" : "Update",
        "version" : 0
      },
      {
        "id" : 1451693928,
        "date" : "2022-02-23T12:24:07.720-08:00",
        "description" : "Added video",
        "type" : "Update",
        "version" : 0
      },
      {
        "id" : 1451889441,
        "date" : "2022-09-22T14:11:34.953-07:00",
        "description" : "fixed typo",
        "type" : "Update",
        "version" : 0
      },
      {
        "id" : 1452198120,
        "date" : "2023-08-02T15:38:59.059-07:00",
        "description" : "update simvastatin pre post test alert file",
        "type" : "Update",
        "version" : 0
      }
    ],
    "literature" : [
      {"id":15128762,"title":"The Clinical Pharmacogenetics Implementation Consortium Guideline for SLCO1B1, ABCG2, and CYP2C9 genotypes and Statin-Associated Musculoskeletal Symptoms.","_sameAs":"https://www.ncbi.nlm.nih.gov/pmc/articles/PMC9035072","crossReferences":[{"id":1451837607,"resource":"PubMed Central","resourceId":"PMC9035072","_url":"https://www.ncbi.nlm.nih.gov/pmc/articles/PMC9035072"},{"id":1451681580,"resource":"PubMed","resourceId":"35152405","_url":"https://www.ncbi.nlm.nih.gov/pubmed/35152405"},{"id":1451681581,"resource":"DOI","resourceId":"10.1002/cpt.2557","_url":"http://dx.doi.org/10.1002%2Fcpt.2557"}],"objCls":"Literature","pubDate":"2022-05-01T00:00:00-07:00","terms":[{"id":1451577480,"resource":"PGx Paper Types","term":"Implementation","termId":"pgxPaperTypes:1451577480"}],"type":"Literature"},
      {"id":15077441,"title":"The clinical pharmacogenetics implementation consortium guideline for SLCO1B1 and simvastatin-induced myopathy: 2014 update.","_sameAs":"https://www.ncbi.nlm.nih.gov/pmc/articles/PMC4169720","crossReferences":[{"id":1449281448,"resource":"PubMed Central","resourceId":"PMC4169720","_url":"https://www.ncbi.nlm.nih.gov/pmc/articles/PMC4169720"},{"id":1449281447,"resource":"PubMed","resourceId":"24918167","_url":"https://www.ncbi.nlm.nih.gov/pubmed/24918167"},{"id":1449281449,"resource":"DOI","resourceId":"10.1038/clpt.2014.125","_url":"http://dx.doi.org/10.1038%2Fclpt.2014.125"}],"objCls":"Literature","pubDate":"2014-10-01T00:00:00-07:00","terms":[{"id":1451577480,"resource":"PGx Paper Types","term":"Implementation","termId":"pgxPaperTypes:1451577480"}],"type":"Literature"},
      {"id":15013653,"title":"The clinical pharmacogenomics implementation consortium: CPIC guideline for SLCO1B1 and simvastatin-induced myopathy.","_sameAs":"https://www.ncbi.nlm.nih.gov/pmc/articles/PMC3384438","crossReferences":[{"id":1449267851,"resource":"PubMed Central","resourceId":"PMC3384438","_url":"https://www.ncbi.nlm.nih.gov/pmc/articles/PMC3384438"},{"id":978636635,"resource":"PubMed","resourceId":"22617227","_url":"https://www.ncbi.nlm.nih.gov/pubmed/22617227"},{"id":1449267852,"resource":"DOI","resourceId":"10.1038/clpt.2012.57","_url":"http://dx.doi.org/10.1038%2Fclpt.2012.57"}],"objCls":"Literature","pubDate":"2012-07-01T00:00:00-07:00","terms":[{"id":1451577480,"resource":"PGx Paper Types","term":"Implementation","termId":"pgxPaperTypes:1451577480"}],"type":"Literature"}
    ],
    "otherPrescribingGuidance" : false,
    "pediatric" : true,
    "pediatricMarkdown" : {
      "id" : 1451266840,
      "html" : "<p>Excerpts from the guideline:</p>\n<blockquote class=\"blockquote\">\n<p>&quot;At the time of this writing, there are no data available regarding SLCO1B1 genotype effects on statin response or myopathy in pediatric patients.  However, pharmacokinetic data show that the rs4149056 SNV in SLCO1B1 may affect the disposition of simvastatin more in children compared to adults, and the variant has equivalent impact on pravastatin and rosuvastatin pharmacokinetics between children and adults&quot;</p>\n</blockquote>\n",
      "version" : 1
    },
    "recommendation" : true,
    "relatedAlleles" : [
      {
        "objCls" : "Variant",
        "id" : "PA166154579",
        "symbol" : "rs4149056",
        "name" : "rs4149056",
        "version" : 6
      },
      {
        "objCls" : "Haplotype",
        "id" : "PA165819265",
        "symbol" : "SLCO1B1*15",
        "name" : "*15",
        "version" : 23
      },
      {
        "objCls" : "Haplotype",
        "id" : "PA165819255",
        "symbol" : "SLCO1B1*5",
        "name" : "*5",
        "version" : 23
      }
    ],
    "relatedChemicals" : [
      {
        "objCls" : "Chemical",
        "id" : "PA451363",
        "name" : "simvastatin",
        "version" : 24
      }
    ],
    "relatedGenes" : [
      {
        "objCls" : "Gene",
        "id" : "PA134865839",
        "symbol" : "SLCO1B1",
        "name" : "solute carrier organic anion transporter family member 1B1",
        "version" : 49
      }
    ],
    "source" : "CPIC",
    "summaryMarkdown" : {
      "id" : 1447981966,
      "html" : "<p>Prescribe an alternative statin depending on the desired potency for patients with SLCO1B1 decreased function, possible decreased function or poor function phenotype. If simvastatin therapy is warranted in patients with SLCO1B1 decreased or possible decreased phenotype, limit dose to &lt;20mg/day.</p>\n",
      "version" : 13
    },
    "terms" : [],
    "textMarkdown" : {
      "id" : 1451433711,
      "html" : "<p>This annotation is based on the <a rel=\"noopener noreferrer\" href=\"https://cpicpgx.org/guidelines/cpic-guideline-for-statins/\" target=\"_blank\">CPIC&reg; guideline for SLCO1B1, ABCG2, and CYP2C9 and statin-associated musculoskeletal symptoms</a>.</p>\n<h3 id=\"february-2022-update\">February 2022 Update</h3>\n<ul>\n<li>\n<p>The <a rel=\"noopener noreferrer\" href=\"https://ascpt.onlinelibrary.wiley.com/doi/epdf/10.1002/cpt.2557\" target=\"_blank\">CPIC guideline for SLCO1B1, ABCG2, and CYP2C9 and statin-associated musculoskeletal symptoms</a>, has been published in Clinical Pharmacology and Therapeutics. CPIC authors summarize literature supporting how SLCO1B1, ABCG2, and CYP2C9 genotype test results should be applied to optimize new or existing statin therapy to reduce the risk of statin-associated musculoskeletal symptoms (SAMS). The current document replaces the original 2012 guideline and the 2014 update for SLCO1B1 and simvastatin. New to this guideline are the addition of recommendations for CYP2C9 and ABCG2 and addition of recommendations for all statins.</p>\n</li>\n<li>\n<p>This guideline is applicable to:</p>\n<ul>\n<li>adult patients</li>\n<li>pediatric patients</li>\n</ul>\n</li>\n<li>\n<p>Excerpt from the 2022 statin dosing guideline:</p>\n<ul>\n<li>\n<p>&quot;SLCO1B1 facilitates the hepatic uptake of statins, as well as other exogenous and endogenous compounds (e.g., bilirubin and 17-beta-glucuronosyl estradiol).  Decreased function of this transporter (inherited through genetic variability or acquired through drug-mediated inhibition) can markedly increase the systemic exposure to statins, the putative causal factor underlying the link to SAMS. The SLCO1B1 gene locus occupies 109 kb on chromosome 12 (Chr 12p12.2) and, although many single nucleotide variants (SNVs) have been identified in this gene, only a few are known to have a clinically relevant functional impact (SLCO1B1 Allele Definition and Functionality Tables)&quot;.</p>\n</li>\n<li>\n<p>&quot;The most common and well-studied variant in SLCO1B1 is c.521T&gt;C (rs4149056), and can be genotyped alone (e.g., PCR-based single SNV assay) or multiplexed on a variety of array-based platforms. All SLCO1B1 genetic tests should interrogate c.521T&gt;C; however, while other less common variants in this gene may have limited evidence to guide action, they may also be important&quot;.</p>\n</li>\n</ul>\n</li>\n<li>\n<p>Download and read:</p>\n<ul>\n<li><a rel=\"noopener noreferrer\" href=\"https://files.cpicpgx.org/data/guideline/publication/statins/2022/publication.pdf\" target=\"_blank\">The Clinical Pharmacogenetics Implementation Consortium (CPIC) guideline for SLCO1B1, ABCG2, and CYP2C9 and statin-associated musculoskeletal symptoms</a></li>\n<li><a rel=\"noopener noreferrer\" href=\"https://files.cpicpgx.org/data/guideline/publication/statins/2022/supplement.pdf\" target=\"_blank\">2022 supplement</a></li>\n<li><a href=\"/page/slco1b1RefMaterials\">Gene-specific Information Tables for SLCO1B1</a></li>\n<li><a rel=\"noopener noreferrer\" href=\"https://files.cpicpgx.org/data/report/current/drug_resource/simvastatin-Drug_Resource_Mappings.xlsx\" target=\"_blank\">Simvastatin Drug Resource Mappings</a></li>\n<li><a rel=\"noopener noreferrer\" href=\"https://files.cpicpgx.org/data/report/current/test_alert/simvastatin_Pre_and_Post_Test_Alerts.xlsx\" target=\"_blank\">Simvastatin Pre and Post Test Alerts</a></li>\n<li><a rel=\"noopener noreferrer\" href=\"https://files.cpicpgx.org/images/flow_chart/Simvastatin_CDS_Flow_Chart.jpg\" target=\"_blank\">Simvastatin CDS Flow Chart</a></li>\n</ul>\n</li>\n</ul>\n<h3 id=\"table-1-recommended-dosing-of-simvastatin-based-on-slco1b1-phenotype\">Table 1: Recommended dosing of simvastatin based on SLCO1B1 phenotype</h3>\n<p><em>Adapted from Table 1 and 2 of the 2022 guideline update manuscript.</em></p>\n<table class=\"table\">\n<thead>\n<tr>\n<th>Phenotype</th>\n<th>Genotype</th>\n<th>Examples of diplotypes <sup>a</sup></th>\n<th>Implications for simvastatin</th>\n<th>Dosing recommendations for simvastatin <sup>b,c</sup></th>\n<th>Classification of recommendations <sup>d</sup></th>\n</tr>\n</thead>\n<tbody>\n<tr>\n<td>Normal function</td>\n<td>An individual carrying two normal function alleles or one normal plus one increased function allele</td>\n<td>*1/*1, *1/*14</td>\n<td>Typical myopathy risk and statin exposure</td>\n<td>Prescribe desired starting dose and adjust doses based on disease-specific guidelines.</td>\n<td>Strong</td>\n</tr>\n<tr>\n<td>Increased function</td>\n<td>An individual carrying two increased function alleles</td>\n<td>*14/*14</td>\n<td>Typical myopathy risk and statin exposure</td>\n<td>Prescribe desired starting dose and adjust doses based on disease-specific guidelines.</td>\n<td>Strong</td>\n</tr>\n<tr>\n<td>Decreased function</td>\n<td>An individual carrying one normal or increased function allele plus one no function allele</td>\n<td>*1/*5, *1/*15</td>\n<td>Increased simvastatin acid exposure as compared to normal function; increased risk of myopathy</td>\n<td>Prescribe an alternative statin depending on the desired potency (see Figure 1 for recommendations for alternative statins). If simvastatin therapy is warranted, limit dose to &lt;20mg/day.</td>\n<td>Strong</td>\n</tr>\n<tr>\n<td>Possible decreased function</td>\n<td>An individual carrying one no function allele plus one uncertain/unknown function allele</td>\n<td>*5/*6, *15/*10, *5/*43</td>\n<td>Increased simvastatin acid exposure as compared to normal function; increased risk of myopathy</td>\n<td>Prescribe an alternative statin depending on the desired potency (see Figure 1 for recommendations for alternative statins). If simvastatin therapy is warranted, limit dose to &lt;20mg/day.</td>\n<td>Strong</td>\n</tr>\n<tr>\n<td>Poor function</td>\n<td>An individual carrying two no function alleles</td>\n<td>*5/*5, *5/*15, *15/*15</td>\n<td>Increased simvastatin acid exposure compared to normal and decreased function; highly increased myopathy risk</td>\n<td>Prescribe an alternative statin depending on the desired potency (see Figure 1 for recommendations for alternative statins).</td>\n<td>Strong</td>\n</tr>\n<tr>\n<td>Indeterminate</td>\n<td>An individual carrying one normal function allele plus one uncertain or unknown function allele OR  allele combinations with uncertain and/or unknown function alleles</td>\n<td>*1/*7, *1/*10, *7/*10</td>\n<td>n/a</td>\n<td>No recommendation.</td>\n<td>No recommendation.</td>\n</tr>\n</tbody>\n</table>\n<h3 id=\"figure-1-slco1b1-recommendations-with-intensity-and-statin-dose-stratified-by-slco1b1-phenotype-all-doses-assume-adult-dosing\">Figure 1 : SLCO1B1 recommendations with intensity and statin dose stratified by SLCO1B1 phenotype; all doses assume adult dosing.</h3>\n<p><em>Adapted from Figure 1 of the 2022 guideline manuscript</em></p>\n<p><img src=\"https://s3.pgkb.org/attachment/CPIC_statin_guideline_figure_1.png\" alt=\"Fig1\" /></p>\n<ul>\n<li>&quot;Therapeutic recommendations: SLCO1B1. The American College of Cardiology and the American Heart Association issued an updated clinical practice guideline for the management of blood cholesterol in 2018. In those guidelines, statins at various daily doses are classified as high-, medium- or low-intensity statins based on expected ranges of LDL-cholesterol lowering. For example, they recommend initiation of high-intensity statins in patients with evidence of clinical atherosclerotic cardiovascular disease (ASCVD) which may include atorvastatin at 40 or 80 mg once daily or rosuvastatin at 20 or 40 mg once daily.   Figure 1 is designed to be used in conjunction with the aforementioned guideline, as it provides statin recommendations, including preferred statin intensity and statin dose, stratified by SLCO1B1 phenotype (i.e., decreased or poor function). Statin and statin doses indicated in the light grey boxes can be prescribed with the lowest risk for SAMS. Statin and statin doses indicated in dark grey boxes should be used with caution (possible increased risk for SAMS) and statin and statin doses indicated in black boxes should be avoided as the available evidence suggests that they are associated with increased risk of harm. The recommendations are based on the combination of available pharmacokinetic and SAMS-risk data, in most cases, and are informed by the number of available statin options within each intensity.&quot;</li>\n</ul>\n<h3 id=\"october-2014-update\">October 2014 Update</h3>\n<p><em>Advance online publication 9 July 2014.</em></p>\n<ul>\n<li>\n<p>The <a rel=\"noopener noreferrer\" href=\"https://files.cpicpgx.org/data/guideline/publication/simvastatin/2014/24918167.pdf\" target=\"_blank\">2014 update of CPIC guideline regarding SLCO1B1 and simvastatin-induced myopathy</a>, has been published in Clinical Pharmacology and Therapeutics.  CPIC extensively reviewed the literature from February 2011 to December 2013 and concluded the dosing recommendations provided in the 2012 CPIC guideline for SLCO1B1 and simvastatin-induced myopathy have not changed. However, this updated guideline also provides a brief review regarding SLCO1B1 genotype and risk of myopathy for other statins.  Furthermore, comprehensive translation tables mapping SLCO1B1 genotypes to coded genotype/phenotype summaries, EHR priority result notation and interpretation (consultation) text were created to facilitate incorporation of SLCO1B1 pharmacogenetics into an electronic health record with clinical decision support.</p>\n</li>\n<li>\n<p>This guideline is applicable to:</p>\n<ul>\n<li>adult patients</li>\n<li>pediatric patients</li>\n</ul>\n</li>\n<li>\n<p>Excerpt from the 2014 simvastatin dosing guideline:</p>\n<ul>\n<li>&quot;For simvastatin, the evidence linking myopathy to <a href=\"/variant/PA166154579\">rs4149056</a> in SLCO1B1 is of high quality, and this association has been reproduced in randomized trials and clinical practice-based cohorts. Conversely, the association of <a href=\"/variant/PA166154579\">rs4149056</a> with myopathy has been less compelling for other statins. We therefore focus this guideline on simvastatin.&quot;</li>\n</ul>\n</li>\n</ul>\n<p>&quot;In 2011 and updated in 2013, the FDA added warnings to the simvastatin product label to direct providers away from initiating at the 80 mg simvastatin dose. &quot;</p>\n<p>&quot;At lower simvastatin doses (e.g., 40 mg daily), it is our position that SLCO1B1 genotype (if available) could be used to warn providers about modest increases in myopathy risk for patients with a C allele at <a href=\"/variant/PA166154579\">rs4149056</a>. In these circumstances, we recommend a lower dose of simvastatin or use an alternative statin (e.g. pravastatin or rosuvastatin) and we also highlight the potential utility of routine CK surveillance (Table 2). If patients with a C allele at <a href=\"/variant/PA166154579\">rs4149056</a> do not achieve optimal LDL cholesterol-lowering efficacy with a lower dose (e.g. 20 mg) of simvastatin, we recommend the prescribing physician consider an alternate statin based on (i) potency differences (i.e., use a lower dose of a higher potency statin such as atorvastatin, rosuvastatin, or pitavastatin), (ii) drug-drug interactions (e.g., boceprevir, clarithromycin, cyclosporine, strong CYP3A4 inhibitors, etc.), and (iii) relevant co-morbidities (e.g., trauma, significant renal impairment, post-solid organ transplant, thyroid disease etc.).&quot;</p>\n<p>&quot;At the time of this writing, there are no data available regarding SLCO1B1 genotype effects on simvastatin response or myopathy in pediatric patient populations, although there is no reason to suspect that the polymorphisms in SLCO1B1 will affect simvastatin's metabolism differently in children compared to adults.&quot;</p>\n<ul>\n<li>Download and read:\n<ul>\n<li><a rel=\"noopener noreferrer\" href=\"https://files.cpicpgx.org/data/guideline/publication/simvastatin/2014/24918167.pdf\" target=\"_blank\">The Clinical Pharmacogenetics Implementation Consortium (CPIC) guideline for SLCO1B1 and simvastatin-induced myopathy: 2014 update</a></li>\n<li><a rel=\"noopener noreferrer\" href=\"https://files.cpicpgx.org/data/guideline/publication/simvastatin/2014/24918167-supplement.pdf\" target=\"_blank\">2014 supplement</a></li>\n<li><a href=\"/page/slco1b1RefMaterials\">Gene-specific Information Tables for SLCO1B1</a></li>\n</ul>\n</li>\n</ul>\n<h3 id=\"table-1-recommended-dosing-of-simvastatin-based-on-slco1b1-phenotype-1\">Table 1: Recommended dosing of simvastatin based on SLCO1B1 phenotype</h3>\n<p><em>Adapted from Table 1 and 2 of the 2014 guideline update manuscript.</em></p>\n<table class=\"table\">\n<thead>\n<tr>\n<th>Phenotype</th>\n<th>Examples of diplotypes <sup>a</sup></th>\n<th>Genotype at <a href=\"/variant/PA166154579\">rs4149056</a></th>\n<th>Implications for simvastatin</th>\n<th>Dosing recommendations for simvastatin <sup>b,c</sup></th>\n<th>Classification of recommendations <sup>d</sup></th>\n</tr>\n</thead>\n<tbody>\n<tr>\n<td>Normal function, Homozygous wild-type (two normal function alleles)</td>\n<td>*1a/*1a, *1a/*1b, *1b/*1b</td>\n<td>TT</td>\n<td>Normal myopathy risk</td>\n<td>Prescribe desired starting dose and adjust doses of simvastatin based on disease-specific guidelines.</td>\n<td>Strong</td>\n</tr>\n<tr>\n<td>Intermediate function, Heterozygous (one normal function allele plus one decreased function allele)</td>\n<td>*1a/*5, *1a/*15, *1a/*17, *1b/*5, *1b/*15, *1b/*17</td>\n<td>TC</td>\n<td>Intermediate myopathy risk</td>\n<td>Prescribe a lower dose or consider an alternative statin (e.g. pravastatin or rosuvastatin); consider routine CK surveillance.</td>\n<td>Strong</td>\n</tr>\n<tr>\n<td>Low function, Homozygous variant or mutant (two decreased function alleles)</td>\n<td>*5/*5, *5/*15, *5/*17, *15/*15, *15/*17, *17/*17</td>\n<td>CC</td>\n<td>High myopathy risk</td>\n<td>Prescribe a lower dose or consider an alternative statin (e.g. pravastatin or rosuvastatin); consider routine CK surveillance.</td>\n<td>Strong</td>\n</tr>\n</tbody>\n</table>\n<p>CK, creatine kinase.</p>\n<p><sup>a</sup> SLCO1B1 alleles are often named using <a href=\"http://www.pharmgkb.org/gene/PA134865839#tabview=tab4&amp;subtab=33\">star allele nomenclature, representing various SNPs alone or in combination</a> (2014 Update Supplemental Table S1) that are associated with low SLCO1B1 protein expression or function (2014 Update Supplemental Table S2). The minor C allele at <a href=\"/variant/PA166154579\">rs4149056</a> is contained within SLCO1B1*5 (<a href=\"/variant/PA166154579\">rs4149056</a> alone) as well as the *15 and *17 haplotypes and is associated with lower plasma clearance of simvastatin. The magnitude of this effect is similar for *5, *15, and *17 haplotypes.</p>\n<p><sup>b</sup> In all cases, the potential for drug-drug interaction should be evaluated prior to initiating a prescription.</p>\n<p><sup>c</sup> FDA recommends against 80mg (unless already tolerated 12 months).</p>\n<p><sup>d</sup> See Supplementary Materials (text section entitled &quot;Levels of Evidence&quot;) online for additional details regarding the three-tiered system used to grade the quality of evidence.</p>\n<h3 id=\"july-2012\">July 2012</h3>\n<p><em>Advance online publication May 2012.</em></p>\n<ul>\n<li>Guideline regarding the use of pharmacogenomic tests in dosing for simvastatin was published in Clinical Pharmacology and Therapeutics by the Clinical Pharmacogenetics Implementation Consortium <a rel=\"noopener noreferrer\" href=\"https://cpicpgx.org/\" target=\"_blank\">(CPIC)</a>.</li>\n<li>Download and read:\n<ul>\n<li><a rel=\"noopener noreferrer\" href=\"https://files.cpicpgx.org/data/guideline/publication/simvastatin/2012/22617227.pdf\" target=\"_blank\">The clinical pharmacogenomics implementation consortium: CPIC guideline for SLCO1B1 and simvastatin-induced myopathy.</a></li>\n<li><a rel=\"noopener noreferrer\" href=\"https://files.cpicpgx.org/data/guideline/publication/simvastatin/2012/22617227-supplement.pdf\" target=\"_blank\">2012 supplement</a></li>\n</ul>\n</li>\n</ul>\n",
      "version" : 3
    },
    "version" : 52
  }
}