{
  "citations" : [],
  "guideline" : {
    "objCls" : "Guideline Annotation",
    "id" : "PA166288561",
    "name" : "Annotation of CPIC Guideline for duloxetine and CYP2D6",
    "alternateDrugAvailable" : false,
    "cancerGenome" : false,
    "crossReferences" : [],
    "descriptiveVideoId" : "UWRTwdNT1ek",
    "dosingInformation" : false,
    "hasTestingInfo" : false,
    "history" : [
      {
        "id" : 1452065020,
        "date" : "2023-04-10T14:20:52.419-07:00",
        "description" : "added CPIC guideline publication",
        "type" : "Update",
        "version" : 0
      },
      {
        "id" : 1452506965,
        "date" : "2024-06-25T01:20:12.405-07:00",
        "description" : "Added video",
        "type" : "Update",
        "version" : 0
      }
    ],
    "literature" : [
      {"id":15143242,"title":"Clinical Pharmacogenetics Implementation Consortium (CPIC) Guideline for CYP2D6, CYP2C19, CYP2B6, SLC6A4, and HTR2A Genotypes and Serotonin Reuptake Inhibitor Antidepressants.","_sameAs":"https://www.ncbi.nlm.nih.gov/pmc/articles/PMC10564324","crossReferences":[{"id":1452680439,"resource":"PubMed Central","resourceId":"PMC10564324","_url":"https://www.ncbi.nlm.nih.gov/pmc/articles/PMC10564324"},{"id":1452064840,"resource":"PubMed","resourceId":"37032427","_url":"https://www.ncbi.nlm.nih.gov/pubmed/37032427"},{"id":1452064841,"resource":"DOI","resourceId":"10.1002/cpt.2903","_url":"http://dx.doi.org/10.1002%2Fcpt.2903"}],"objCls":"Literature","pubDate":"2023-07-01T00:00:00-07:00","terms":[{"id":1451577480,"resource":"PGx Paper Types","term":"Implementation","termId":"pgxPaperTypes:1451577480"}],"type":"Literature"}
    ],
    "otherPrescribingGuidance" : false,
    "pediatric" : false,
    "recommendation" : false,
    "relatedAlleles" : [],
    "relatedChemicals" : [
      {
        "objCls" : "Chemical",
        "id" : "PA10066",
        "name" : "duloxetine",
        "version" : 7
      }
    ],
    "relatedGenes" : [
      {
        "objCls" : "Gene",
        "id" : "PA128",
        "symbol" : "CYP2D6",
        "name" : "cytochrome P450 family 2 subfamily D member 6",
        "version" : 7891
      }
    ],
    "source" : "CPIC",
    "summaryMarkdown" : {
      "id" : 1452007440,
      "html" : "<p>There are currently no recommendations for dosing of duloxetine based on CYP2D6 genotypes.</p>\n",
      "version" : 0
    },
    "terms" : [],
    "textMarkdown" : {
      "id" : 1452007441,
      "html" : "<p>This annotation is based on the <a rel=\"noopener noreferrer\" href=\"https://cpicpgx.org/guidelines/cpic-guideline-for-ssri-and-snri-antidepressants/\" target=\"_blank\">CPIC&reg; guideline for <em>CYP2D6</em>, <em>CYP2C19</em>, <em>CYP2B6</em>, <em>SLC6A4</em>, and <em>HTR2A</em> Genotypes and Serotonin Reuptake Inhibitor Antidepressants</a>.</p>\n<h3 id=\"february-2023\">February 2023</h3>\n<p>The authors of the <a rel=\"noopener noreferrer\" href=\"https://cpicpgx.org/guidelines/cpic-guideline-for-ssri-and-snri-antidepressants/\" target=\"_blank\">CPIC&reg; guideline for <em>CYP2D6</em>, <em>CYP2C19</em>, <em>CYP2B6</em>, <em>SLC6A4</em>, and <em>HTR2A</em> Genotypes and Serotonin Reuptake Inhibitor Antidepressants</a> evaluated the available evidence for the use of duloxetine in patients carrying <em>CYP2D6</em> and <em>CYP2C19</em> variants.</p>\n<ul>\n<li>\n<p>Excerpts from the guideline:</p>\n<ul>\n<li>&quot;Duloxetine is a substrate of CYP1A2 and CYP2D6; however, existing data do not support a clinically meaningful impact of CYP2D6 on duloxetine and thus was assigned CPIC level C (no recommendation).&quot;</li>\n</ul>\n</li>\n<li>\n<p>Download and read:</p>\n<ul>\n<li><a rel=\"noopener noreferrer\" href=\"https://files.cpicpgx.org/data/guideline/publication/serotonin_reuptake_inhibitor_antidepressants/2023/37032427.pdf\" target=\"_blank\">CPIC&reg; Guideline for for <em>CYP2D6</em>, <em>CYP2C19</em>, <em>CYP2B6</em>, <em>SLC6A4</em>, and <em>HTR2A</em> Genotypes and Serotonin Reuptake Inhibitor Antidepressants</a></li>\n<li><a rel=\"noopener noreferrer\" href=\"https://files.cpicpgx.org/data/guideline/publication/serotonin_reuptake_inhibitor_antidepressants/2023/37032427-supplement.pdf\" target=\"_blank\">2023 supplement</a></li>\n</ul>\n</li>\n</ul>\n",
      "version" : 0
    },
    "version" : 1
  }
}