{
  "citations" : [],
  "guideline" : {
    "objCls" : "Guideline Annotation",
    "id" : "PA166262321",
    "name" : "Annotation of CPIC Guideline for rosuvastatin and ABCG2, SLCO1B1",
    "alternateDrugAvailable" : true,
    "cancerGenome" : false,
    "crossReferences" : [
      {
        "id" : 1451668356,
        "resource" : "URL",
        "resourceId" : "https://cpicpgx.org/guidelines/cpic-guideline-for-statins/",
        "_url" : "https://cpicpgx.org/guidelines/cpic-guideline-for-statins/",
        "version" : 0
      }
    ],
    "descriptiveVideoId" : "RXEh1778_As",
    "dosingInformation" : true,
    "hasTestingInfo" : false,
    "history" : [
      {
        "id" : 1451687109,
        "date" : "2022-02-17T11:02:27.003-08:00",
        "description" : "CPIC statins 2022 update",
        "type" : "Note",
        "version" : 0
      },
      {
        "id" : 1451694000,
        "date" : "2022-02-23T13:47:43.945-08:00",
        "description" : "Added video",
        "type" : "Update",
        "version" : 0
      },
      {
        "id" : 1451889461,
        "date" : "2022-09-22T14:16:05.311-07:00",
        "description" : "fixed typo",
        "type" : "Update",
        "version" : 0
      },
      {
        "id" : 1452198760,
        "date" : "2023-08-03T10:52:28.592-07:00",
        "description" : "update cpic file links",
        "type" : "Update",
        "version" : 0
      }
    ],
    "literature" : [
      {"id":15128762,"title":"The Clinical Pharmacogenetics Implementation Consortium Guideline for SLCO1B1, ABCG2, and CYP2C9 genotypes and Statin-Associated Musculoskeletal Symptoms.","_sameAs":"https://www.ncbi.nlm.nih.gov/pmc/articles/PMC9035072","crossReferences":[{"id":1451837607,"resource":"PubMed Central","resourceId":"PMC9035072","_url":"https://www.ncbi.nlm.nih.gov/pmc/articles/PMC9035072"},{"id":1451681580,"resource":"PubMed","resourceId":"35152405","_url":"https://www.ncbi.nlm.nih.gov/pubmed/35152405"},{"id":1451681581,"resource":"DOI","resourceId":"10.1002/cpt.2557","_url":"http://dx.doi.org/10.1002%2Fcpt.2557"}],"objCls":"Literature","pubDate":"2022-05-01T00:00:00-07:00","terms":[{"id":1451577480,"resource":"PGx Paper Types","term":"Implementation","termId":"pgxPaperTypes:1451577480"}],"type":"Literature"}
    ],
    "otherPrescribingGuidance" : true,
    "pediatric" : true,
    "pediatricMarkdown" : {
      "id" : 1451672602,
      "html" : "<p>Excerpts from the guideline:</p>\n<blockquote class=\"blockquote\">\n<p>&quot;At the time of this writing, there are no data available regarding SLCO1B1 genotype effects on statin response or myopathy in pediatric patients.  However, pharmacokinetic data show that the rs4149056 SNV in SLCO1B1 may affect the disposition of simvastatin more in children compared to adults, and the variant has equivalent impact on pravastatin and rosuvastatin pharmacokinetics between children and adults&quot;</p>\n</blockquote>\n",
      "version" : 0
    },
    "recommendation" : true,
    "relatedAlleles" : [
      {
        "objCls" : "Variant",
        "id" : "PA166156544",
        "symbol" : "rs2231142",
        "name" : "rs2231142",
        "version" : 4
      },
      {
        "objCls" : "Variant",
        "id" : "PA166154579",
        "symbol" : "rs4149056",
        "name" : "rs4149056",
        "version" : 6
      },
      {
        "objCls" : "Haplotype",
        "id" : "PA165819265",
        "symbol" : "SLCO1B1*15",
        "name" : "*15",
        "version" : 23
      },
      {
        "objCls" : "Haplotype",
        "id" : "PA165819255",
        "symbol" : "SLCO1B1*5",
        "name" : "*5",
        "version" : 23
      }
    ],
    "relatedChemicals" : [
      {
        "objCls" : "Chemical",
        "id" : "PA134308647",
        "name" : "rosuvastatin",
        "version" : 21
      }
    ],
    "relatedGenes" : [
      {
        "objCls" : "Gene",
        "id" : "PA390",
        "symbol" : "ABCG2",
        "name" : "ATP binding cassette subfamily G member 2 (JR blood group)",
        "version" : 3597
      },
      {
        "objCls" : "Gene",
        "id" : "PA134865839",
        "symbol" : "SLCO1B1",
        "name" : "solute carrier organic anion transporter family member 1B1",
        "version" : 49
      }
    ],
    "source" : "CPIC",
    "summaryMarkdown" : {
      "id" : 1451672600,
      "html" : "<p>Prescribe ≤20mg as a starting dose and adjust doses of rosuvastatin based on disease-specific and specific population guidelines for patients who are SLCO1B1 or ABCG2 poor function phenotype. If dose &gt;20mg needed for desired efficacy, consider combination therapy (i.e. rosuvastatin plus non-statin guideline directed medical therapy). Patients with both ABCG2 poor function and SLCO1B1 poor/decreased function should be prescribed ≤10mg as a starting dose.</p>\n",
      "version" : 0
    },
    "terms" : [],
    "textMarkdown" : {
      "id" : 1451672601,
      "html" : "<p>This annotation is based on the <a rel=\"noopener noreferrer\" href=\"https://cpicpgx.org/guidelines/cpic-guideline-for-statins/\" target=\"_blank\">CPIC&reg; guideline for SLCO1B1, ABCG2, and CYP2C9 and statin-associated musculoskeletal symptoms</a>.</p>\n<h3 id=\"february-2022\">February 2022</h3>\n<ul>\n<li>\n<p>The <a rel=\"noopener noreferrer\" href=\"https://files.cpicpgx.org/data/guideline/publication/statins/2022/publication.pdf\" target=\"_blank\">CPIC guideline for SLCO1B1, ABCG2, and CYP2C9 and statin-associated musculoskeletal symptoms</a>, has been published in Clinical Pharmacology and Therapeutics. CPIC authors summarize literature supporting how SLCO1B1, ABCG2, and CYP2C9 genotype test results should be applied to optimize new or existing statin therapy to reduce the risk of statin-associated musculoskeletal symptoms (SAMS). The current document replaces the original 2012 guideline and the 2014 update for SLCO1B1 and simvastatin. New to this guideline are the addition of recommendations for CYP2C9 and ABCG2 and addition of recommendations for all statins.</p>\n</li>\n<li>\n<p>This guideline is applicable to:</p>\n<ul>\n<li>adult patients</li>\n<li>pediatric patients</li>\n</ul>\n</li>\n<li>\n<p>Excerpt from the 2022 statin dosing guideline:</p>\n<ul>\n<li>\n<p>&quot;SLCO1B1 facilitates the hepatic uptake of statins, as well as other exogenous and endogenous compounds (e.g., bilirubin and 17-beta-glucuronosyl estradiol).  Decreased function of this transporter (inherited through genetic variability or acquired through drug-mediated inhibition) can markedly increase the systemic exposure to statins, the putative causal factor underlying the link to SAMS. The SLCO1B1 gene locus occupies 109 kb on chromosome 12 (Chr 12p12.2) and, although many single nucleotide variants (SNVs) have been identified in this gene, only a few are known to have a clinically relevant functional impact (SLCO1B1 Allele Definition and Functionality Tables)&quot;.</p>\n</li>\n<li>\n<p>&quot;The most common and well-studied variant in SLCO1B1 is c.521T&gt;C (rs4149056), and can be genotyped alone (e.g., PCR-based single SNV assay) or multiplexed on a variety of array-based platforms. All SLCO1B1 genetic tests should interrogate c.521T&gt;C; however, while other less common variants in this gene may have limited evidence to guide action, they may also be important&quot;.</p>\n</li>\n<li>\n<p>&quot;ABCG2. Recommendations for ABCG2 are specific to rosuvastatin. For individuals who have ABCG2 poor function, a rosuvastatin starting dose of ≤20mg is recommended; however, if a dose greater than 20mg is needed for desired efficacy, an alternative statin or combination therapy (e.g., statin + ezetimibe) is recommended. Although the risk of myopathy is unknown, rosuvastatin exposure (AUC) was 144% greater in those with the c.421AA genotype than the c.421CC genotype (wild-type); thus, the recommendation is based primarily on pharmacokinetic data. Likely because of the higher hepatic exposure, the ABCG2 c.421A variant has also been associated with improved cholesterol lowering response to rosuvastatin in large genomewide association studies. Selection and dosing of rosuvastatin should also consider Asian ancestry (Table 3, see the Supplemental Material for more discussion). &quot;</p>\n</li>\n</ul>\n</li>\n<li>\n<p>Download and read:</p>\n<ul>\n<li><a rel=\"noopener noreferrer\" href=\"https://files.cpicpgx.org/data/guideline/publication/statins/2022/publication.pdf\" target=\"_blank\">The Clinical Pharmacogenetics Implementation Consortium (CPIC) guideline for SLCO1B1, ABCG2, and CYP2C9 and statin-associated musculoskeletal symptoms</a></li>\n<li><a rel=\"noopener noreferrer\" href=\"https://files.cpicpgx.org/data/guideline/publication/statins/2022/supplement.pdf\" target=\"_blank\">2022 supplement</a></li>\n<li><a href=\"/page/slco1b1RefMaterials\">Gene-specific Information Tables for SLCO1B1</a></li>\n<li><a href=\"/page/abcg2RefMaterials\">Gene-specific Information Tables for ABCG2</a></li>\n<li><a rel=\"noopener noreferrer\" href=\"https://files.cpicpgx.org/data/report/current/drug_resource/rosuvastatin-Drug_Resource_Mappings.xlsx\" target=\"_blank\">Rosuvastatin Drug Resource Mappings</a></li>\n<li><a rel=\"noopener noreferrer\" href=\"https://files.cpicpgx.org/data/report/current/test_alert/rosuvastatin_Pre_and_Post_Test_Alerts.xlsx\" target=\"_blank\">Rosuvastatin Pre and Post Test Alerts</a></li>\n<li><a rel=\"noopener noreferrer\" href=\"https://files.cpicpgx.org/images/flow_chart/Rosuvastatin_CDS_Flow_Chart.jpg\" target=\"_blank\">Rosuvastatin CDS Flow Chart</a></li>\n</ul>\n</li>\n</ul>\n<h3 id=\"table-1-recommended-dosing-of-rosuvastatin-based-on-slco1b1-phenotype\">Table 1: Recommended dosing of rosuvastatin based on SLCO1B1 phenotype</h3>\n<p><em>Adapted from Table 1 and 2 of the 2022 guideline update manuscript.</em></p>\n<table class=\"table\">\n<thead>\n<tr>\n<th>Phenotype</th>\n<th>Genotype</th>\n<th>Examples of diplotypes <sup>a</sup></th>\n<th>Implications for rosuvastatin</th>\n<th>Dosing recommendations for rosuvastatin <sup>b,c</sup></th>\n<th>Classification of recommendations <sup>d</sup></th>\n</tr>\n</thead>\n<tbody>\n<tr>\n<td>Normal function</td>\n<td>An individual carrying two normal function alleles or one normal plus one increased function allele</td>\n<td>*1/*1, *1/*14</td>\n<td>Typical myopathy risk and statin exposure</td>\n<td>Prescribe desired starting dose and adjust doses based on disease-specific guidelines.</td>\n<td>Strong</td>\n</tr>\n<tr>\n<td>Increased function</td>\n<td>An individual carrying two increased function alleles</td>\n<td>*14/*14</td>\n<td>Typical myopathy risk and statin exposure</td>\n<td>Prescribe desired starting dose and adjust doses based on disease-specific guidelines.</td>\n<td>Strong</td>\n</tr>\n<tr>\n<td>Decreased function</td>\n<td>An individual carrying one normal or increased function allele plus one no function allele</td>\n<td>*1/*5, *1/*15</td>\n<td>Increased rosuvastatin exposure as compared to normal function; Typical myopathy risk with doses ≤20 mg.</td>\n<td>Prescribe desired starting dose and adjust doses of rosuvastatin based on disease-specific and specific population guidelines. Prescriber should be aware of possible increased risk for myopathy especially for doses &gt;20mg.</td>\n<td>Strong</td>\n</tr>\n<tr>\n<td>Possible decreased function</td>\n<td>An individual carrying one no function allele plus one uncertain/unknown function allele</td>\n<td>*5/*6, *15/*10, *5/*43</td>\n<td>Increased rosuvastatin exposure as compared to normal function; Typical myopathy risk with doses ≤20 mg.</td>\n<td>Prescribe desired starting dose and adjust doses of rosuvastatin based on disease-specific and specific population guidelines. Prescriber should be aware of possible increased risk for myopathy especially for doses &gt;20mg.</td>\n<td>Strong</td>\n</tr>\n<tr>\n<td>Poor function</td>\n<td>An individual carrying two no function alleles</td>\n<td>*5/*5, *5/*15, *15/*15</td>\n<td>Increased rosuvastatin exposure as compared to normal function and decreased function; Typical myopathy risk with doses ≤20 mg.</td>\n<td>Prescribe ≤20mg as a starting dose and adjust doses of rosuvastatin based on disease-specific and specific population guidelines If dose &gt;20mg needed for desired efficacy, consider combination therapy (i.e. rosuvastatin plus non-statin guideline directed medical therapy).</td>\n<td>Moderate</td>\n</tr>\n<tr>\n<td>Indeterminate</td>\n<td>An individual carrying one normal function allele plus one uncertain or unknown function allele OR  allele combinations with uncertain and/or unknown function alleles</td>\n<td>*1/*7, *1/*10, *7/*10</td>\n<td>n/a</td>\n<td>No recommendation.</td>\n<td>No recommendation.</td>\n</tr>\n</tbody>\n</table>\n<h3 id=\"table-2-recommended-dosing-of-rosuvastatin-based-on-abcg2-phenotype\">Table 2: Recommended dosing of rosuvastatin based on ABCG2 phenotype</h3>\n<p><em>Adapted from Table 3 of the 2022 guideline update manuscript.</em></p>\n<table class=\"table\">\n<thead>\n<tr>\n<th>Phenotype</th>\n<th>Genotype</th>\n<th>Examples of diplotypes <sup>a</sup></th>\n<th>Implications for rosuvastatin</th>\n<th>Dosing recommendations for rosuvastatin <sup>b,c</sup></th>\n<th>Classification of recommendations <sup>d</sup></th>\n</tr>\n</thead>\n<tbody>\n<tr>\n<td>Normal function</td>\n<td>An individual carrying two normal function alleles</td>\n<td>c.421 C/C (rs2231142)</td>\n<td>Typical myopathy risk and rosuvastatin exposure</td>\n<td>Prescribe desired starting dose and adjust doses of rosuvastatin based on disease-specific and specific population guidelines.</td>\n<td>Strong</td>\n</tr>\n<tr>\n<td>Decreased function</td>\n<td>An individual carrying one normal function allele plus one decreased function allele</td>\n<td>c.421 C/A (rs2231142)</td>\n<td>Increased rosuvastatin exposure as compared to normal function; unknown risk for myopathy.</td>\n<td>Prescribe desired starting dose and adjust doses of rosuvastatin based on disease-specific guidelines and specific population guidelines.</td>\n<td>Moderate</td>\n</tr>\n<tr>\n<td>Poor function</td>\n<td>An individual carrying two decreased function alleles</td>\n<td>c.421 A/A (rs2231142)</td>\n<td>Increased rosuvastatin exposure compared to normal and decreased function; unknown myopathy risk; increased lipid-lowering effects.</td>\n<td>Prescribe ≤20mg as a starting dose and adjust doses of rosuvastatin based on disease-specific and specific population guidelines. If dose &gt;20mg needed for desired efficacy, consider an alternative statin or combination therapy (i.e., rosuvastatin plus non-statin guideline directed medical therapy).</td>\n<td>Moderate</td>\n</tr>\n</tbody>\n</table>\n<h3 id=\"table-3-recommended-dosing-of-rosuvastatin-based-on-slco1b1-and-abcg2-phenotype\">Table 3: Recommended dosing of rosuvastatin based on SLCO1B1 and ABCG2 phenotype</h3>\n<p><em>Adapted from Table 5 of the 2022 guideline update manuscript.</em></p>\n<table class=\"table\">\n<thead>\n<tr>\n<th>Phenotype</th>\n<th>ABCG2 normal function</th>\n<th>ABCG2 decreased function</th>\n<th>ABCG2 poor function</th>\n</tr>\n</thead>\n<tbody>\n<tr>\n<td>SLCO1B1 normal function</td>\n<td>Prescribe desired starting dose and adjust doses of rosuvastatin based on disease-specific and specific population guidelines. STRONG</td>\n<td>Prescribe desired starting dose and adjust doses of rosuvastatin based on disease-specific and specific population guidelines. MODERATE</td>\n<td>Prescribe ≤20mg as a starting dose and adjust doses of rosuvastatin based on disease-specific and specific population guidelines. If dose &gt;20mg needed for desired efficacy, consider an alternative statin or combination therapy (i.e., rosuvastatin plus non-statin guideline directed medical therapy). OPTIONAL</td>\n</tr>\n<tr>\n<td>SLCO1B1 increased function</td>\n<td>Prescribe desired starting dose and adjust doses of rosuvastatin based on disease-specific and specific population guidelines. STRONG</td>\n<td>Prescribe desired starting dose and adjust doses of rosuvastatin based on disease-specific and specific population guidelines. MODERATE</td>\n<td>Prescribe ≤20mg as a starting dose and adjust doses of rosuvastatin based on disease-specific and specific population guidelines. If dose &gt;20mg needed for desired efficacy, consider an alternative statin or combination therapy (i.e., rosuvastatin plus non-statin guideline directed medical therapy). OPTIONAL</td>\n</tr>\n<tr>\n<td>SLCO1B1 decreased function</td>\n<td>Prescribe desired starting dose and adjust doses of rosuvastatin based on disease-specific and specific population guidelines. Prescriber should be aware of possible increased risk for myopathy especially for doses &gt;20mg. STRONG</td>\n<td>Prescribe desired starting dose and adjust doses of rosuvastatin based on disease-specific and specific population guidelines. Prescriber should be aware of possible increased risk for myopathy especially for doses &gt;20mg. MODERATE</td>\n<td>Prescribe ≤10mg as a starting dose and adjust doses of rosuvastatin based on disease-specific and specific population guidelines. If dose &gt;10mg needed for desired efficacy, consider an alternative statin or combination therapy (i.e., rosuvastatin plus non-statin guideline directed medical therapy). OPTIONAL</td>\n</tr>\n<tr>\n<td>SLCO1B1 possible decreased function</td>\n<td>Prescribe desired starting dose and adjust doses of rosuvastatin based on disease-specific and specific population guidelines. Prescriber should be aware of possible increased risk for myopathy especially for doses &gt;20mg. STRONG</td>\n<td>Prescribe desired starting dose and adjust doses of rosuvastatin based on disease-specific and specific population guidelines. Prescriber should be aware of possible increased risk for myopathy especially for doses &gt;20mg. MODERATE</td>\n<td>Prescribe ≤10mg as a starting dose and adjust doses of rosuvastatin based on disease-specific and specific population guidelines. If dose &gt;10mg needed for desired efficacy, consider an alternative statin or combination therapy (i.e., rosuvastatin plus non-statin guideline directed medical therapy). OPTIONAL</td>\n</tr>\n<tr>\n<td>SLCO1B1 poor function</td>\n<td>Prescribe ≤20mg as a starting dose and adjust doses of rosuvastatin based on disease-specific and specific population guidelines. If dose &gt; 20mg needed for desired efficacy, consider combination therapy (i.e., rosuvastatin plus non-statin guideline directed medical therapy).MODERATE</td>\n<td>Prescribe ≤20mg as a starting dose and adjust doses of rosuvastatin based on disease-specific and specific population guidelines. If dose &gt;20mg needed for desired efficacy, consider combination therapy (i.e., rosuvastatin plus non-statin guideline directed medical therapy). MODERATE</td>\n<td>Prescribe ≤10mg as a starting dose and adjust doses of rosuvastatin based on disease-specific and specific population guidelines. If dose &gt;10mg needed for desired efficacy, consider combination therapy (i.e., rosuvastatin plus non-statin guideline directed medical therapy). OPTIONAL</td>\n</tr>\n</tbody>\n</table>\n<h3 id=\"figure-1-slco1b1-recommendations-with-intensity-and-statin-dose-stratified-by-slco1b1-phenotype-all-doses-assume-adult-dosing\">Figure 1 : SLCO1B1 recommendations with intensity and statin dose stratified by SLCO1B1 phenotype; all doses assume adult dosing.</h3>\n<p><em>Adapted from Figure 1 of the 2022 guideline manuscript</em></p>\n<p><img src=\"https://s3.pgkb.org/attachment/CPIC_statin_guideline_figure_1.png\" alt=\"Fig1\" /></p>\n<ul>\n<li>&quot;Therapeutic recommendations: SLCO1B1. The American College of Cardiology and the American Heart Association issued an updated clinical practice guideline for the management of blood cholesterol in 2018. In those guidelines, statins at various daily doses are classified as high-, medium- or low-intensity statins based on expected ranges of LDL-cholesterol lowering. For example, they recommend initiation of high-intensity statins in patients with evidence of clinical atherosclerotic cardiovascular disease (ASCVD) which may include atorvastatin at 40 or 80 mg once daily or rosuvastatin at 20 or 40 mg once daily.   Figure 1 is designed to be used in conjunction with the aforementioned guideline, as it provides statin recommendations, including preferred statin intensity and statin dose, stratified by SLCO1B1 phenotype (i.e., decreased or poor function). Statin and statin doses indicated in the light grey boxes can be prescribed with the lowest risk for SAMS. Statin and statin doses indicated in dark grey boxes should be used with caution (possible increased risk for SAMS) and statin and statin doses indicated in black boxes should be avoided as the available evidence suggests that they are associated with increased risk of harm. The recommendations are based on the combination of available pharmacokinetic and SAMS-risk data, in most cases, and are informed by the number of available statin options within each intensity.&quot;</li>\n</ul>\n",
      "version" : 2
    },
    "version" : 4
  }
}