{
  "citations" : [],
  "guideline" : {
    "objCls" : "Guideline Annotation",
    "id" : "PA166104933",
    "name" : "Annotation of CPIC Guideline for azathioprine and NUDT15, TPMT",
    "alternateDrugAvailable" : true,
    "cancerGenome" : false,
    "crossReferences" : [
      {
        "id" : 1447983453,
        "name" : "CPIC® Guideline for Thiopurines and TPMT and NUDT15 – CPIC",
        "resource" : "URL",
        "resourceId" : "https://cpicpgx.org/guidelines/guideline-for-thiopurines-and-tpmt/",
        "_url" : "https://cpicpgx.org/guidelines/guideline-for-thiopurines-and-tpmt/",
        "version" : 1
      }
    ],
    "descriptiveVideoId" : "8Kw0L0wpSBs",
    "dosingInformation" : true,
    "hasTestingInfo" : false,
    "history" : [
      {
        "id" : 1183699765,
        "date" : "2011-01-26T00:00:00-08:00",
        "type" : "Create",
        "version" : 0
      },
      {
        "id" : 1183699766,
        "date" : "2013-01-17T00:00:00-08:00",
        "type" : "Update",
        "version" : 0
      },
      {
        "id" : 1447986815,
        "date" : "2016-05-10T21:43:52.524-07:00",
        "description" : "Update guideline with information regarding the NUDT15 gene.",
        "type" : "Update",
        "version" : 0
      },
      {
        "id" : 1449717122,
        "date" : "2018-08-23T17:58:20.515-07:00",
        "description" : "Updated video link",
        "type" : "Update",
        "version" : 0
      },
      {
        "id" : 1451463500,
        "date" : "2021-06-22T09:52:52.952-07:00",
        "description" : "Added link to video",
        "type" : "Update",
        "version" : 0
      },
      {
        "id" : 1452137980,
        "date" : "2023-06-22T22:57:14.613-07:00",
        "description" : "Updated supplemental table links",
        "type" : "Update",
        "version" : 0
      },
      {
        "id" : 1452417960,
        "date" : "2024-03-21T14:00:47.468-07:00",
        "description" : "Updated recommendations for the following phenotypes: TPMT Intermediate Metabolizer/NUDT15 Intermediate Metabolizer, TPMT Intermediate Metabolizer/Possible NUDT15 Intermediate Metabolizer, Possible TPMT Intermediate Metabolizer/NUDT15 Intermediate Metabolizer, Possible TPMT Intermediate Metabolizer/Possible NUDT15 Intermediate Metabolizer",
        "type" : "Update",
        "version" : 0
      }
    ],
    "literature" : [
      {"id":15101542,"title":"Clinical Pharmacogenetics Implementation Consortium Guideline for Thiopurine Dosing Based on TPMT and NUDT15 Genotypes: 2018 Update.","_sameAs":"https://www.ncbi.nlm.nih.gov/pmc/articles/PMC6576267","crossReferences":[{"id":1451837563,"resource":"PubMed Central","resourceId":"PMC6576267","_url":"https://www.ncbi.nlm.nih.gov/pmc/articles/PMC6576267"},{"id":1450043138,"resource":"PubMed","resourceId":"30447069","_url":"https://www.ncbi.nlm.nih.gov/pubmed/30447069"},{"id":1450043139,"resource":"DOI","resourceId":"10.1002/cpt.1304","_url":"http://dx.doi.org/10.1002%2Fcpt.1304"}],"objCls":"Literature","pubDate":"2019-05-01T00:00:00-07:00","terms":[{"id":1451577480,"resource":"PGx Paper Types","term":"Implementation","termId":"pgxPaperTypes:1451577480"}],"type":"Literature"},
      {"id":15051187,"title":"Clinical pharmacogenetics implementation consortium guidelines for thiopurine methyltransferase genotype and thiopurine dosing: 2013 update.","_sameAs":"https://www.ncbi.nlm.nih.gov/pmc/articles/PMC3604643","crossReferences":[{"id":1449275272,"resource":"PubMed Central","resourceId":"PMC3604643","_url":"https://www.ncbi.nlm.nih.gov/pmc/articles/PMC3604643"},{"id":1449275271,"resource":"PubMed","resourceId":"23422873","_url":"https://www.ncbi.nlm.nih.gov/pubmed/23422873"},{"id":1449275273,"resource":"DOI","resourceId":"10.1038/clpt.2013.4","_url":"http://dx.doi.org/10.1038%2Fclpt.2013.4"}],"objCls":"Literature","pubDate":"2013-04-01T00:00:00-07:00","terms":[{"id":1451577480,"resource":"PGx Paper Types","term":"Implementation","termId":"pgxPaperTypes:1451577480"}],"type":"Literature"},
      {"id":6690400,"title":"Clinical Pharmacogenetics Implementation Consortium guidelines for thiopurine methyltransferase genotype and thiopurine dosing.","_sameAs":"https://www.ncbi.nlm.nih.gov/pmc/articles/PMC3098761","crossReferences":[{"id":1449245874,"resource":"PubMed Central","resourceId":"PMC3098761","_url":"https://www.ncbi.nlm.nih.gov/pmc/articles/PMC3098761"},{"id":769164748,"resource":"PubMed","resourceId":"21270794","_url":"https://www.ncbi.nlm.nih.gov/pubmed/21270794"},{"id":1449245875,"resource":"DOI","resourceId":"10.1038/clpt.2010.320","_url":"http://dx.doi.org/10.1038%2Fclpt.2010.320"}],"objCls":"Literature","pubDate":"2011-03-01T00:00:00-08:00","terms":[{"id":1451577480,"resource":"PGx Paper Types","term":"Implementation","termId":"pgxPaperTypes:1451577480"}],"type":"Literature"}
    ],
    "otherPrescribingGuidance" : true,
    "pediatric" : true,
    "recommendation" : true,
    "relatedAlleles" : [],
    "relatedChemicals" : [
      {
        "objCls" : "Chemical",
        "id" : "PA448515",
        "name" : "azathioprine",
        "version" : 26
      }
    ],
    "relatedGenes" : [
      {
        "objCls" : "Gene",
        "id" : "PA134963132",
        "symbol" : "NUDT15",
        "name" : "nudix hydrolase 15",
        "version" : 11
      },
      {
        "objCls" : "Gene",
        "id" : "PA356",
        "symbol" : "TPMT",
        "name" : "thiopurine S-methyltransferase",
        "version" : 7545
      }
    ],
    "source" : "CPIC",
    "summaryMarkdown" : {
      "id" : 1449753103,
      "html" : "<p>Consider an alternate agent or extreme dose reduction of azathioprine for patients who are TPMT or NUDT15 poor metabolizers.  Start at 30-80% of target dose for patients who are intermediate metabolizers of either <em>TPMT</em> or <em>NUDT15</em>. Start at 20-50% of target dose for patients who are intermediate metabolizers of both <em>TPMT</em> and <em>NUDT15</em>.</p>\n",
      "version" : 1
    },
    "terms" : [],
    "textMarkdown" : {
      "id" : 1451433719,
      "html" : "<p>This annotation is based on the <a rel=\"noopener noreferrer\" href=\"https://cpicpgx.org/guidelines/guideline-for-thiopurines-and-tpmt/\" target=\"_blank\">CPIC&reg; guideline for thiopurines and TPMT and NUDT15</a>.</p>\n<h3 id=\"february-2024-update\">February 2024 Update</h3>\n<p>CPIC have updated the recommendations for patients who are intermediate metabolizers of both <em>TPMT</em> and <em>NUDT15</em>. Patients who are intermediate metabolizers or possible intermediate metabolizers for both genes are recommended to begin with a starting dose of 20-50% of the normal dosage. The recommendations in the genotype picker tool and on this annotation page have been updated accordingly.</p>\n<h3 id=\"october-2018-update\">October 2018 Update</h3>\n<p><em>Advance online publication November 2018.</em></p>\n<ul>\n<li>The <a rel=\"noopener noreferrer\" href=\"https://ascpt.onlinelibrary.wiley.com/doi/abs/10.1002/cpt.1304?af=R\" target=\"_blank\">2018 update of CPIC guidelines regarding azathioprine, thioguanine and mercaptopurine</a>, have been published in Clinical Pharmacology and Therapeutics.  Literature published between October 2012 to June 2017 was reviewed, recommendations and supplemental information was updated.</li>\n<li>These guidelines are applicable to:\n<ul>\n<li>pediatric patients</li>\n<li>adult patients</li>\n</ul>\n</li>\n<li>Excerpt from the 2018 thiopurine dosing guideline update:\n<ul>\n<li>&quot;TPMT activity exhibits a monogenic co-dominant inheritance and catabolizes\nthiopurines. TPMT variant alleles are associated with low enzyme activity and pronounced pharmacologic effects of thiopurines.&quot;</li>\n<li>&quot;Loss-of-function alleles in the NUDT15 gene are common in Asians and Hispanics and reduces the degradation of active thiopurine nucleotide metabolites, also predisposing to myelosuppression.&quot;</li>\n</ul>\n</li>\n<li>Download and read:\n<ul>\n<li><a rel=\"noopener noreferrer\" href=\"https://files.cpicpgx.org/data/guideline/publication/thiopurines/2018/30447069.pdf\" target=\"_blank\">Clinical Pharmacogenetics Implementation Consortium (CPIC) guideline for thiopurine dosing based on <em>TPMT</em> and <em>NUDT15</em> genotypes: 2018 Update</a></li>\n<li><a rel=\"noopener noreferrer\" href=\"https://files.cpicpgx.org/data/guideline/publication/thiopurines/2018/CPIC_TPMT_NUDT15_Thiopurine_Supplemental_Material.pdf\" target=\"_blank\">2018 supplement</a></li>\n<li><a href=\"https://www.pharmgkb.org/page/tpmtRefMaterials\">TPMT Gene-Specific Information Tables</a></li>\n<li><a href=\"https://www.pharmgkb.org/page/nudt15RefMaterials\">NUDT15 Gene-Specific Information Tables</a></li>\n<li><a rel=\"noopener noreferrer\" href=\"https://files.cpicpgx.org/data/report/current/drug_resource/azathioprine-Drug_Resource_Mappings.xlsx\" target=\"_blank\">Azathioprine Drug Resource Mappings</a></li>\n<li><a rel=\"noopener noreferrer\" href=\"https://files.cpicpgx.org/data/report/current/test_alert/azathioprine_Pre_and_Post_Test_Alerts.xlsx\" target=\"_blank\">Azathioprine Pre and Post Test Alerts</a></li>\n<li><a rel=\"noopener noreferrer\" href=\"https://files.cpicpgx.org/images/flow_chart/Azathioprine_CDS_Flow_Chart.jpg\" target=\"_blank\">Azathioprine Clinical Decision Support Flow Chart</a></li>\n</ul>\n</li>\n</ul>\n<h3 id=\"table-1-recommended-dosing-of-azathioprine-by-tpmt-phenotype\">Table 1: Recommended dosing of azathioprine by TPMT phenotype</h3>\n<p><em>Adapted from Tables 1 and 2 of the 2018 guideline update.</em></p>\n<table class=\"table\">\n<thead>\n<tr>\n<th>TPMT phenotype</th>\n<th>Genotypes</th>\n<th>Examples of diplotypes</th>\n<th>Implications</th>\n<th>Dosing recommendations</th>\n<th>Classification of recommendations</th>\n</tr>\n</thead>\n<tbody>\n<tr>\n<td>Normal Metabolizer</td>\n<td>An individual carrying two normal function alleles</td>\n<td>*1/*1</td>\n<td>Lower concentrations of TGN metabolites, higher meTIMP, this is the &quot;normal&quot; pattern.  Normal risk of thiopurine-related leukopenia, neutropenia, myelosuppression.</td>\n<td>Start with normal starting dose<sup>a</sup> (e.g., 2-3 mg/kg/day) and adjust doses of azathioprine based on disease-specific guidelines. Allow 2 weeks to reach steady state after each dose adjustment.</td>\n<td>Strong</td>\n</tr>\n<tr>\n<td>Intermediate Metabolizer</td>\n<td>An individual carrying one normal function allele and one no function allele</td>\n<td>*1/*2, *1/*3A, *1/*3B, *1/*3C, *1/*4</td>\n<td>Moderate to high concentrations of TGN metabolites; low concentrations of meTIMP. Increased risk of thiopurine-related leukopenia, neutropenia, myelosuppression.</td>\n<td>Start with reduced starting doses (30-80% of normal dose) if normal starting dose<sup>a</sup> is 2-3 mg/kg/day, (e.g. 0.6-2.4 mg/kg/day), and adjust doses of azathioprine based on degree of myelosuppression and disease-specific guidelines.  Allow 2-4 weeks to reach steady-state after each dose adjustment.</td>\n<td>Strong</td>\n</tr>\n<tr>\n<td>Possible Intermediate Metabolizer</td>\n<td>An individual carrying one uncertain/unknown function allele and one no function allele</td>\n<td>*2/*8, *3A/*7</td>\n<td>Moderate to high concentrations of TGN metabolites; low concentrations of meTIMP. Increased risk of thiopurine-related leukopenia, neutropenia, myelosuppression.</td>\n<td>Start with reduced starting doses (30-80% of normal dose) if normal starting dose<sup>a</sup> is 2-3 mg/kg/day, (e.g. 0.6-2.4 mg/kg/day), and adjust doses of azathioprine based on degree of myelosuppression and disease-specific guidelines.  Allow 2-4 weeks to reach steady-state after each dose adjustment.</td>\n<td>Strong</td>\n</tr>\n<tr>\n<td>Poor Metabolizer</td>\n<td>An individual carrying two no function alleles</td>\n<td>*3A/*3A, *2/*3A, *3A/*3C, *3C/*4, *2/*3C, *3A/*4</td>\n<td>Extremely high concentrations of TGN metabolites; fatal toxicity possible without dose decrease; no meTIMP metabolites</td>\n<td>For non-malignant conditions, consider alternative non-thiopurine immunosuppressant therapy.  For malignancy, start with drastically reduced doses (reduce daily dose<sup>a</sup> by 10-fold and dose thrice weekly instead of daily) and adjust doses of azathioprine based on degree of myelosuppression and disease-specific guidelines  Allow 4-6 weeks to reach steady-state after each dose adjustment.</td>\n<td>Strong</td>\n</tr>\n<tr>\n<td>Indeterminate</td>\n<td>An individual carrying two uncertain/unknown function alleles OR one normal function allele and one uncertain/unknown function allele</td>\n<td>*6/*8, *1/*8</td>\n<td>None</td>\n<td>None</td>\n<td>None</td>\n</tr>\n<tr>\n<td><sup>a</sup>Normal starting doses vary by race/ethnicity and treatment regimens.  If standard dose is below normal recommended dose, dose reduction might not be recommended for intermediate metabolizers.</td>\n<td></td>\n<td></td>\n<td></td>\n<td></td>\n<td></td>\n</tr>\n</tbody>\n</table>\n<h3 id=\"table-2-recommended-dosing-of-azathioprine-by-nudt15-phenotype\">Table 2: Recommended dosing of azathioprine by NUDT15 phenotype</h3>\n<p><em>Adapted from Tables 1 and 2 of the 2018 guideline update.</em></p>\n<table class=\"table\">\n<thead>\n<tr>\n<th>NUDT15 phenotype</th>\n<th>Genotypes</th>\n<th>Examples of diplotypes</th>\n<th>Implications</th>\n<th>Dosing recommendations</th>\n<th>Classification of recommendations</th>\n</tr>\n</thead>\n<tbody>\n<tr>\n<td>Normal Metabolizer</td>\n<td>An individual carrying two normal function alleles</td>\n<td>*1/*1</td>\n<td>Normal risk of thiopurine-related leukopenia, neutropenia, myelosuppression</td>\n<td>Start with normal starting dose<sup>a</sup> (e.g., 2-3 mg/kg/day) and adjust doses of azathioprine based on disease-specific guidelines. Allow 2 weeks to reach steady state after each dose adjustment.</td>\n<td>Strong</td>\n</tr>\n<tr>\n<td>Intermediate Metabolizer</td>\n<td>An individual carrying one normal function allele and one no function allele</td>\n<td>*1/*2, *1/*3</td>\n<td>Increased risk of thiopurine-related leukopenia, neutropenia, myelosuppression.</td>\n<td>Start with reduced starting doses (30-80% of normal dose) if normal starting dose<sup>a</sup> is 2-3 mg/kg/day, (e.g. 0.6-2.4 mg/kg/day), and adjust doses of azathioprine based on degree of myelosuppression and disease-specific guidelines.  Allow 2-4 weeks to reach steady-state after each dose adjustment.</td>\n<td>Strong</td>\n</tr>\n<tr>\n<td>Possible Intermediate Metabolizer</td>\n<td>An individual carrying one uncertain function allele and one no function allele</td>\n<td>*2/*5, *3/*6</td>\n<td>Increased risk of thiopurine-related leukopenia, neutropenia, myelosuppression.</td>\n<td>Start with reduced starting doses (30-80% of normal dose) if normal starting dose<sup>a</sup> is 2-3 mg/kg/day, (e.g. 0.6-2.4 mg/kg/day), and adjust doses of azathioprine based on degree of myelosuppression and disease-specific guidelines.  Allow 2-4 weeks to reach steady-state after each dose adjustment.</td>\n<td>Strong</td>\n</tr>\n<tr>\n<td>Poor Metabolizer</td>\n<td>An individual carrying two no function alleles</td>\n<td>*2/*2, *2/*3, *3/*3</td>\n<td>Greatly increased risk of thiopurine-related leukopenia, neutropenia, myelosuppression</td>\n<td>For non-malignant conditions, consider alternative non-thiopurine immunosuppressant therapy. For malignant conditions, start with drastically reduced normal daily doses<sup>a</sup> (reduce dose by 10-fold) and adjust doses of azathioprine based on degree of myelosuppression and disease-specific guidelines.  Allow 4-6 weeks to reach steady-state after each dose adjustment.</td>\n<td>Strong</td>\n</tr>\n<tr>\n<td>Indeterminate</td>\n<td>An individual carrying two uncertain function alleles OR one normal function allele and one uncertain function allele</td>\n<td>*1/*4, *1/*5, *4/*5, *5/*6</td>\n<td>None</td>\n<td>None</td>\n<td>None</td>\n</tr>\n<tr>\n<td><sup>a</sup>Normal starting doses vary by race/ethnicity and treatment regimens.  If standard dose is below normal recommended dose, dose reduction might not be recommended for intermediate metabolizers.</td>\n<td></td>\n<td></td>\n<td></td>\n<td></td>\n<td></td>\n</tr>\n</tbody>\n</table>\n<h3 id=\"table-3-recommended-dosing-of-azathioprine-by-tpmt-and-nudt15-phenotypes\">Table 3: Recommended dosing of azathioprine by TPMT and NUDT15 phenotypes</h3>\n<p><em>Adapted from Figure 2 and Table 2 of the 2018 guideline update.</em></p>\n<table class=\"table\">\n<thead>\n<tr>\n<th>Phenotype</th>\n<th>TPMT Normal Metabolizer</th>\n<th>TPMT Intermediate Metabolizer</th>\n<th>TPMT Possible Intermediate Metabolizer</th>\n<th>TPMT Poor Metabolizer</th>\n<th>Indeterminate</th>\n</tr>\n</thead>\n<tbody>\n<tr>\n<td>NUDT 15 Normal Metabolizer</td>\n<td>Use standard dose</td>\n<td>Start with reduced starting doses (30-80% of normal dose) if normal starting dose<sup>a</sup> is 2-3 mg/kg/day, (e.g. 0.6-2.4 mg/kg/day), and adjust doses of azathioprine based on degree of myelosuppression and disease-specific guidelines.  Allow 2-4 weeks to reach steady-state after each dose adjustment.</td>\n<td>See TPMT Intermediate Metabolizer.</td>\n<td>For non-malignant conditions, consider alternative non-thiopurine immunosuppressant therapy.  For malignancy, start with drastically reduced doses (reduce daily dose<sup>a</sup> by 10-fold and dose thrice weekly instead of daily) and adjust doses of azathioprine based on degree of myelosuppression and disease-specific guidelines  Allow 4-6 weeks to reach steady-state after each dose adjustment.</td>\n<td>None</td>\n</tr>\n<tr>\n<td>NUDT15 Intermediate Metabolizer</td>\n<td>Start with reduced starting doses (30-80% of normal dose) if normal starting dose<sup>a</sup> is 2-3 mg/kg/day, (e.g. 0.6-2.4 mg/kg/day), and adjust doses of azathioprine based on degree of myelosuppression and disease-specific guidelines.  Allow 2-4 weeks to reach steady-state after each dose adjustment.</td>\n<td>Start with reduced starting doses (20%-50% of normal dose) if normal starting dose is 2-3 mg/kg/day (e.g., 0.4 – 1.5 mg/kg/day), and adjust doses of azathioprine based on degree of myelosuppression and disease-specific guidelines. Allow 2-4 weeks to reach steady-state after each dose adjustment (PMID 20354201, 11302950, 15606506, 16530532).</td>\n<td>See TPMT Intermediate Metabolizer/NUDT15 Intermediate Metabolizer.</td>\n<td>For non-malignant conditions, consider alternative non-thiopurine immunosuppressant therapy.  For malignancy, start with drastically reduced doses (reduce daily dose<sup>a</sup> by 10-fold and dose thrice weekly instead of daily) and adjust doses of azathioprine based on degree of myelosuppression and disease-specific guidelines  Allow 4-6 weeks to reach steady-state after each dose adjustment.</td>\n<td>None</td>\n</tr>\n<tr>\n<td>NUDT15 Possible Intermediate Metabolizer</td>\n<td>See NUDT15 Intermediate Metabolizer.</td>\n<td>See TPMT Intermediate Metabolizer/NUDT15 Intermediate Metabolizer.</td>\n<td>See TPMT Intermediate Metabolizer/NUDT15 Intermediate Metabolizer.</td>\n<td>See NUDT15 Intermediate Metabolizer.</td>\n<td>None</td>\n</tr>\n<tr>\n<td>NUDT15 Poor  Metabolizer</td>\n<td>For non-malignant conditions, consider alternative non-thiopurine immunosuppressant therapy. For malignant conditions, start with drastically reduced normal daily doses<sup>a</sup> (reduce dose by 10-fold) and adjust doses of azathioprine based on degree of myelosuppression and disease-specific guidelines.  Allow 4-6 weeks to reach steady-state after each dose adjustment.</td>\n<td>For non-malignant conditions, consider alternative non-thiopurine immunosuppressant therapy. For malignant conditions, start with drastically reduced normal daily doses<sup>a</sup> (reduce dose by 10-fold) and adjust doses of azathioprine based on degree of myelosuppression and disease-specific guidelines.  Allow 4-6 weeks to reach steady-state after each dose adjustment.</td>\n<td>See TPMT Intermediate Metabolizer.</td>\n<td>For non-malignant conditions, consider alternative non-thiopurine immunosuppressant therapy.  For malignancy, start with drastically reduced doses (reduce daily dose<sup>a</sup> by 10-fold and dose thrice weekly instead of daily) and adjust doses of azathioprine based on degree of myelosuppression and disease-specific guidelines  Allow 4-6 weeks to reach steady-state after each dose adjustment.</td>\n<td>None</td>\n</tr>\n<tr>\n<td>NUDT15 Indeterminate</td>\n<td>None</td>\n<td>None</td>\n<td>None</td>\n<td>None</td>\n<td>None</td>\n</tr>\n<tr>\n<td><sup>a</sup>Normal starting doses vary by race/ethnicity and treatment regimens.  If standard dose is below normal recommended dose, dose reduction might not be recommended for intermediate metabolizers.</td>\n<td></td>\n<td></td>\n<td></td>\n<td></td>\n<td></td>\n</tr>\n</tbody>\n</table>\n<h3 id=\"may-2016-update-on-pharmgkb\">May 2016 Update on PharmGKB</h3>\n<p>Several studies have reported that individuals who carry low-function alleles for NUDT15 are unable to tolerate usual doses of thiopurines. [Articles:<a href=\"/pmid/25108385\">25108385</a>, <a href=\"/pmid/25624441\">25624441</a>, <a href=\"/pmid/26033531\">26033531</a>, <a href=\"/pmid/26076924\">26076924</a>, <a href=\"/pmid/26405151\">26405151</a>, <a href=\"/pmid/26503813\">26503813</a>, <a href=\"/pmid/26590936\">26590936</a>, <a href=\"/pmid/26735160\">26735160</a>, <a href=\"/pmid/26878724\">26878724</a>] These alleles are more common among those of Asian ancestry and Hispanic ethnicity than others. [Articles:<a href=\"/pmid/25624441\">25624441</a>, <a href=\"/pmid/26878724\">26878724</a>] The dose tolerated by those with two low-function alleles is only ~ 10% that tolerated by those with no low-function NUDT15 or TPMT alleles. [Articles:<a href=\"/pmid/25624441\">25624441</a>, <a href=\"/pmid/26878724\">26878724</a>] CPIC is planning a guideline to address NUDT15 variants and possible dosing recommendations for thiopurines.</p>\n<h3 id=\"april-2013-update\">April 2013 Update</h3>\n<p><em>Advance online publication January 2013.</em></p>\n<ul>\n<li>The <a rel=\"noopener noreferrer\" href=\"http://www.nature.com/clpt/journal/vaop/naam/index.html#17012013\" target=\"_blank\">2013 update of CPIC guidelines regarding azathioprine, thioguanine and mercaptopurine</a>, have been published in Clinical Pharmacology and Therapeutics.  Literature published between June 2010-November 2012 was reviewed and there is <strong>no new evidence that would change the original guidelines. Therefore, the dosing recommendations in the original publication remain clinically current.</strong></li>\n<li>These guidelines are applicable to:\n<ul>\n<li>pediatric patients</li>\n<li>adult patients</li>\n</ul>\n</li>\n<li>Download and read:\n<ul>\n<li><a rel=\"noopener noreferrer\" href=\"https://files.cpicpgx.org/data/guideline/publication/thiopurines/2013/23422873.pdf\" target=\"_blank\">Clinical Pharmacogenetics Implementation Consortium Guidelines for Thiopurine Methyltransferase Genotype and Thiopurine Dosing: 2013 Update</a></li>\n<li><a rel=\"noopener noreferrer\" href=\"https://files.cpicpgx.org/data/guideline/publication/thiopurines/2013/23422873-supplement.pdf\" target=\"_blank\">2013 supplement</a></li>\n</ul>\n</li>\n</ul>\n<h3 id=\"march-2011\">March 2011</h3>\n<p><em>Advance online publication January 2011.</em></p>\n<ul>\n<li>Guidelines regarding the use of pharmacogenomic tests in dosing for azathioprine, thioguanine and mercaptopurine were published in Clinical Pharmacology and Therapeutics by the Clinical Pharmacogenetics Implementation Consortium <a rel=\"noopener noreferrer\" href=\"https://cpicpgx.org/\" target=\"_blank\">(CPIC)</a>.</li>\n<li>Excerpt from the 2011 thiopurine dosing guidelines:\n<ul>\n<li>&quot;Thiopurines are most commonly used to treat nonmalignant conditions but are also critical anticancer agents. The approach to dosing adjustments based on TPMT status may differ depending on the clinical indication and the propensity to initiate therapy at higher vs. lower starting doses. We and others advocate testing for TPMT status prior to initiating thiopurine therapy, so that starting dosages can be adjusted accordingly.&quot;</li>\n</ul>\n</li>\n<li>Download and read:\n<ul>\n<li><a rel=\"noopener noreferrer\" href=\"https://files.cpicpgx.org/data/guideline/publication/thiopurines/2011/21270794.pdf\" target=\"_blank\">Clinical Pharmacogenetics Implementation Consortium Guidelines for Thiopurine Methyltransferase Genotype and Thiopurine Dosing</a></li>\n<li><a rel=\"noopener noreferrer\" href=\"https://files.cpicpgx.org/data/guideline/publication/thiopurines/2011/21270794-supplement.pdf\" target=\"_blank\">2011 supplement</a></li>\n</ul>\n</li>\n</ul>\n",
      "version" : 3
    },
    "version" : 53
  }
}