{
  "citations" : [],
  "guideline" : {
    "objCls" : "Guideline Annotation",
    "id" : "PA166264981",
    "name" : "Annotation of DPWG Guideline for folic acid and MTHFR",
    "alternateDrugAvailable" : false,
    "cancerGenome" : false,
    "crossReferences" : [],
    "dosingInformation" : false,
    "hasTestingInfo" : false,
    "history" : [
      {
        "id" : 1451696021,
        "date" : "2022-02-25T22:38:21.260-08:00",
        "description" : "May 2021 guideline",
        "type" : "Update",
        "version" : 0
      },
      {
        "id" : 1451704260,
        "date" : "2022-03-03T16:33:36.231-08:00",
        "description" : "Annotation current with May 2021 DPWG Guideline release",
        "type" : "Note",
        "version" : 0
      },
      {
        "id" : 1451732899,
        "date" : "2022-03-28T09:57:49.945-07:00",
        "description" : "Annotation current with February 2022 DPWG guideline release",
        "type" : "Note",
        "version" : 0
      },
      {
        "id" : 1451884247,
        "date" : "2022-09-16T10:19:57.619-07:00",
        "description" : "Fixed link to gene information document and added explanatory note",
        "type" : "Update",
        "version" : 0
      },
      {
        "id" : 1451889560,
        "date" : "2022-09-22T15:26:43.621-07:00",
        "description" : "Added guideline publication",
        "type" : "Update",
        "version" : 0
      },
      {
        "id" : 1452146470,
        "date" : "2023-07-03T13:39:53.970-07:00",
        "description" : "Annotation current with May 2023 DPWG Guideline release",
        "type" : "Note",
        "version" : 0
      },
      {
        "id" : 1452412661,
        "date" : "2024-03-19T06:15:32.684-07:00",
        "description" : "Updated links for risk analysis pdf.",
        "type" : "Update",
        "version" : 0
      },
      {
        "id" : 1452424588,
        "date" : "2024-03-29T11:43:34.542-07:00",
        "description" : "Removed message about gene information document availability.",
        "type" : "Update",
        "version" : 0
      }
    ],
    "literature" : [
      {"id":15136122,"title":"Dutch pharmacogenetics working group guideline for the gene-drug interaction of ABCG2, HLA-B and Allopurinol, and MTHFR, folic acid and methotrexate.","_sameAs":"https://www.ncbi.nlm.nih.gov/pmc/articles/PMC10853275","crossReferences":[{"id":1452379680,"resource":"PubMed Central","resourceId":"PMC10853275","_url":"https://www.ncbi.nlm.nih.gov/pmc/articles/PMC10853275"},{"id":1451889545,"resource":"PubMed","resourceId":"36056234","_url":"https://www.ncbi.nlm.nih.gov/pubmed/36056234"},{"id":1451889546,"resource":"DOI","resourceId":"10.1038/s41431-022-01180-0","_url":"http://dx.doi.org/10.1038%2Fs41431-022-01180-0"}],"objCls":"Literature","pubDate":"2024-02-01T00:00:00-08:00","terms":[],"type":"Literature"}
    ],
    "otherPrescribingGuidance" : false,
    "pediatric" : false,
    "recommendation" : false,
    "relatedAlleles" : [
      {
        "objCls" : "Variant",
        "id" : "PA166153644",
        "symbol" : "rs1801133",
        "name" : "rs1801133",
        "version" : 5
      }
    ],
    "relatedChemicals" : [
      {
        "objCls" : "Chemical",
        "id" : "PA449692",
        "name" : "folic acid",
        "version" : 31
      }
    ],
    "relatedGenes" : [
      {
        "objCls" : "Gene",
        "id" : "PA245",
        "symbol" : "MTHFR",
        "name" : "methylenetetrahydrofolate reductase",
        "version" : 3429
      }
    ],
    "source" : "DPWG",
    "summaryMarkdown" : {
      "id" : 1451696020,
      "html" : "<p>There are currently no recommendations for folic acid dosing based on MTHFR rs1801133 genotypes.</p>\n",
      "version" : 0
    },
    "terms" : [],
    "textMarkdown" : {
      "id" : 1451695980,
      "html" : "<h3 id=\"dutch-pharmacogenetics-working-group-dpwg-guideline-for-the-gene-drug-interaction-of-abcg2-hla-b-and-allopurinol-and-mthfr-folic-acid-and-methotrexate-european-journal-of-human-genetics-2022\">Dutch pharmacogenetics working group (DPWG) guideline for the gene-drug interaction of ABCG2, HLA-B and Allopurinol, and MTHFR, folic acid and methotrexate. European journal of human genetics (2022)</h3>\n<p>The Royal Dutch Pharmacists Association - Pharmacogenetics Working Group published a paper which reiterates that no action is required for the interaction between MTHFR and folic acid [Article:<a href=\"/pmid/36056234\">36056234</a>]</p>\n<h3 id=\"may-2021-guideline\">May 2021 Guideline</h3>\n<p>The Royal Dutch Pharmacists Association - Pharmacogenetics Working Group has evaluated therapeutic dose recommendations for foliumzuur and MTHFR rs1801133 (677C&gt;T) variant. They conclude that NO action is required for this gene-drug interaction.  677CT has no effect on the treatment with folic acid and 677TT either has no effect or a positive effect on the treatment with folic acid. (see <a download=\"DPWG_May_2021.pdf\" href=\"https://api.pharmgkb.org/v1/download/file/attachment/DPWG_May_2021.pdf\">Dutch guidelines May 2021 update</a>).</p>\n<p><a download=\"DPWG_MTHFR_folic_acid_7204-7205.pdf\" href=\"https://api.pharmgkb.org/v1/download/file/attachment/DPWG_MTHFR_folic_acid_7204-7205.pdf\">Read for more information about this recommendation</a>, <a download=\"MTHFR.pdf\" href=\"https://api.pharmgkb.org/v1/download/file/attachment/MTHFR.pdf\">Read about gene information from DPWG</a></p>\n",
      "version" : 4
    },
    "version" : 7
  }
}