{
  "citations" : [],
  "guideline" : {
    "objCls" : "Guideline Annotation",
    "id" : "PA166265001",
    "name" : "Annotation of DPWG Guideline for methotrexate and MTHFR",
    "alternateDrugAvailable" : false,
    "cancerGenome" : false,
    "crossReferences" : [],
    "dosingInformation" : false,
    "hasTestingInfo" : false,
    "history" : [
      {
        "id" : 1451696065,
        "date" : "2022-02-25T22:57:49.383-08:00",
        "description" : "add",
        "type" : "Update",
        "version" : 0
      },
      {
        "id" : 1451704261,
        "date" : "2022-03-03T16:33:36.366-08:00",
        "description" : "Annotation current with May 2021 DPWG Guideline release",
        "type" : "Note",
        "version" : 0
      },
      {
        "id" : 1451732900,
        "date" : "2022-03-28T09:57:50.091-07:00",
        "description" : "Annotation current with February 2022 DPWG guideline release",
        "type" : "Note",
        "version" : 0
      },
      {
        "id" : 1451884402,
        "date" : "2022-09-16T10:31:43.110-07:00",
        "description" : "Fixed link to gene information document and added explanatory note",
        "type" : "Update",
        "version" : 0
      },
      {
        "id" : 1451889562,
        "date" : "2022-09-22T15:28:55.110-07:00",
        "description" : "Added guideline publication",
        "type" : "Update",
        "version" : 0
      },
      {
        "id" : 1452146471,
        "date" : "2023-07-03T13:39:54.170-07:00",
        "description" : "Annotation current with May 2023 DPWG Guideline release",
        "type" : "Note",
        "version" : 0
      },
      {
        "id" : 1452411663,
        "date" : "2024-03-18T00:00:00-07:00",
        "description" : "Updated links for risk analysis pdf.",
        "type" : "Update",
        "version" : 0
      },
      {
        "id" : 1452424570,
        "date" : "2024-03-29T11:48:45.270-07:00",
        "description" : "Removed message about gene information document availability.",
        "type" : "Update",
        "version" : 0
      }
    ],
    "literature" : [
      {"id":15136122,"title":"Dutch pharmacogenetics working group guideline for the gene-drug interaction of ABCG2, HLA-B and Allopurinol, and MTHFR, folic acid and methotrexate.","_sameAs":"https://www.ncbi.nlm.nih.gov/pmc/articles/PMC10853275","crossReferences":[{"id":1452379680,"resource":"PubMed Central","resourceId":"PMC10853275","_url":"https://www.ncbi.nlm.nih.gov/pmc/articles/PMC10853275"},{"id":1451889545,"resource":"PubMed","resourceId":"36056234","_url":"https://www.ncbi.nlm.nih.gov/pubmed/36056234"},{"id":1451889546,"resource":"DOI","resourceId":"10.1038/s41431-022-01180-0","_url":"http://dx.doi.org/10.1038%2Fs41431-022-01180-0"}],"objCls":"Literature","pubDate":"2024-02-01T00:00:00-08:00","terms":[],"type":"Literature"}
    ],
    "otherPrescribingGuidance" : false,
    "pediatric" : false,
    "recommendation" : false,
    "relatedAlleles" : [
      {
        "objCls" : "Variant",
        "id" : "PA166153644",
        "symbol" : "rs1801133",
        "name" : "rs1801133",
        "version" : 5
      }
    ],
    "relatedChemicals" : [
      {
        "objCls" : "Chemical",
        "id" : "PA450428",
        "name" : "methotrexate",
        "version" : 35
      }
    ],
    "relatedGenes" : [
      {
        "objCls" : "Gene",
        "id" : "PA245",
        "symbol" : "MTHFR",
        "name" : "methylenetetrahydrofolate reductase",
        "version" : 3429
      }
    ],
    "source" : "DPWG",
    "summaryMarkdown" : {
      "id" : 1451696085,
      "html" : "<p>There are currently no recommendations for methotrexate dosing based on MTHFR rs1801133 genotypes.</p>\n",
      "version" : 0
    },
    "terms" : [],
    "textMarkdown" : {
      "id" : 1451696086,
      "html" : "<h3 id=\"dutch-pharmacogenetics-working-group-dpwg-guideline-for-the-gene-drug-interaction-of-abcg2-hla-b-and-allopurinol-and-mthfr-folic-acid-and-methotrexate-european-journal-of-human-genetics-2022\">Dutch pharmacogenetics working group (DPWG) guideline for the gene-drug interaction of ABCG2, HLA-B and Allopurinol, and MTHFR, folic acid and methotrexate. European journal of human genetics (2022)</h3>\n<p>The Royal Dutch Pharmacists Association - Pharmacogenetics Working Group published a paper which reiterates that there is no gene-drug interaction between MTHFR and methotrexate [Article:<a href=\"/pmid/36056234\">36056234</a>]</p>\n<h3 id=\"may-2021-guideline\">May 2021 Guideline</h3>\n<p>The Royal Dutch Pharmacists Association - Pharmacogenetics Working Group has evaluated therapeutic dose recommendations for methotrexate and MTHFR rs1801133 (677C&gt;T) variant. They conclude that this is NOT a gene-drug interaction. (see <a download=\"DPWG_May_2021.pdf\" href=\"https://api.pharmgkb.org/v1/download/file/attachment/DPWG_May_2021.pdf\">Dutch guidelines May 2021 update</a>).</p>\n<p><a download=\"DPWG_MTHFR_methotrexate_5599-5600.pdf\" href=\"https://api.pharmgkb.org/v1/download/file/attachment/DPWG_MTHFR_methotrexate_5599-5600.pdf\">Read for more information about this recommendation</a>, <a download=\"MTHFR.pdf\" href=\"https://api.pharmgkb.org/v1/download/file/attachment/MTHFR.pdf\">Read about gene information from DPWG</a></p>\n",
      "version" : 4
    },
    "version" : 8
  }
}