{
  "citations" : [
    {
      "id" : 15099517,
      "title" : "Clinical Practice Recommendations for the Management and Prevention of Cisplatin-Induced Hearing Loss Using Pharmacogenetic Markers.",
      "_sameAs" : "https://www.ncbi.nlm.nih.gov/pubmed/26960170",
      "authors" : [
        "Lee Jong W",
        "Pussegoda Kusala",
        "Rassekh Shahrad R",
        "Monzon Jose G",
        "Liu Geoffrey",
        "Hwang Soomi",
        "Bhavsar Amit P",
        "Pritchard Sheila",
        "Ross Colin J",
        "Amstutz Ursula",
        "Carleton Bruce C",
        "CPNDS Clinical Recommendations Group"
      ],
      "crossReferences" : [
        {
          "id" : 1449284747,
          "resource" : "PubMed",
          "resourceId" : "26960170",
          "_url" : "https://www.ncbi.nlm.nih.gov/pubmed/26960170",
          "version" : 0
        },
        {
          "id" : 1449284748,
          "resource" : "DOI",
          "resourceId" : "10.1097/FTD.0000000000000298",
          "_url" : "http://dx.doi.org/10.1097%2FFTD.0000000000000298",
          "version" : 0
        }
      ],
      "day" : -1,
      "hasKeyword" : true,
      "journal" : "Therapeutic drug monitoring",
      "meshTerms" : [
        "Antineoplastic Agents",
        "Cisplatin",
        "Genetic Markers",
        "Hearing Loss",
        "Humans",
        "Pharmacogenetics",
        "Polymorphism, Genetic"
      ],
      "month" : 8,
      "nonHuman" : false,
      "objCls" : "Literature",
      "page" : "423-31",
      "pediatric" : false,
      "pgkbPublication" : false,
      "pubDate" : "2016-08-01T00:00:00-07:00",
      "pubmedMeshTerms" : [],
      "summary" : "Currently no pharmacogenomics-based criteria exist to guide clinicians in identifying individuals who are at risk of hearing loss from cisplatin-based chemotherapy. This review summarizes findings from pharmacogenomic studies that report genetic polymorphisms associated with cisplatin-induced hearing loss and aims to (1) provide up-to-date information on new developments in the field, (2) provide recommendations for the use of pharmacogenetic testing in the prevention, assessment, and management of cisplatin-induced hearing loss in children and adults, and (3) identify knowledge gaps to direct and prioritize future research. These practice recommendations for pharmacogenetic testing in the context of cisplatin-induced hearing loss reflect a review and evaluation of recent literature, and are designed to assist clinicians in providing optimal clinical care for patients receiving cisplatin-based chemotherapy.",
      "terms" : [],
      "type" : "Literature",
      "version" : 3,
      "volume" : "38",
      "year" : 2016
    }
  ],
  "guideline" : {
    "objCls" : "Guideline Annotation",
    "id" : "PA166170751",
    "name" : "Annotation of CPNDS Guideline for cisplatin and TPMT",
    "alternateDrugAvailable" : true,
    "cancerGenome" : false,
    "crossReferences" : [],
    "dosingInformation" : false,
    "hasTestingInfo" : true,
    "history" : [
      {
        "id" : 1449003693,
        "date" : "2017-10-31T00:00:00-07:00",
        "description" : "initial save",
        "type" : "Create",
        "version" : 1
      },
      {
        "id" : 1451741743,
        "date" : "2022-04-05T13:33:05.477-07:00",
        "description" : "Added testing guidance tag",
        "type" : "Update",
        "version" : 0
      },
      {
        "id" : 1451822421,
        "date" : "2022-07-11T08:58:02.021-07:00",
        "description" : "Added pediatric information",
        "type" : "Update",
        "version" : 0
      },
      {
        "id" : 1452451940,
        "date" : "2024-04-23T23:37:35.880-07:00",
        "description" : "Added Alternate Drug and Other Guidance tags",
        "type" : "Update",
        "version" : 0
      }
    ],
    "literature" : [
      {"id":15099517,"title":"Clinical Practice Recommendations for the Management and Prevention of Cisplatin-Induced Hearing Loss Using Pharmacogenetic Markers.","_sameAs":"https://www.ncbi.nlm.nih.gov/pubmed/26960170","crossReferences":[{"id":1449284747,"resource":"PubMed","resourceId":"26960170","_url":"https://www.ncbi.nlm.nih.gov/pubmed/26960170"},{"id":1449284748,"resource":"DOI","resourceId":"10.1097/FTD.0000000000000298","_url":"http://dx.doi.org/10.1097%2FFTD.0000000000000298"}],"objCls":"Literature","pubDate":"2016-08-01T00:00:00-07:00","terms":[],"type":"Literature"}
    ],
    "otherPrescribingGuidance" : true,
    "pediatric" : true,
    "pediatricMarkdown" : {
      "id" : 1451822420,
      "html" : "<p>Excerpt from the CPNDS guideline:</p>\n<blockquote class=\"blockquote\">\n<p>We recommend pharmacogenetic testing for the associated functional TPMT variants (*3A, *3B, *3C) and the known, relatively common, and functionally inactive TPMT *2 variant in pediatric patients to receive cisplatin <em><strong>(level A – strong recommendation)</strong></em></p>\n</blockquote>\n",
      "version" : 0
    },
    "recommendation" : true,
    "relatedAlleles" : [
      {
        "objCls" : "Haplotype",
        "id" : "PA165819269",
        "symbol" : "TPMT*2",
        "name" : "*2",
        "version" : 15
      },
      {
        "objCls" : "Haplotype",
        "id" : "PA165819270",
        "symbol" : "TPMT*3A",
        "name" : "*3A",
        "version" : 16
      },
      {
        "objCls" : "Haplotype",
        "id" : "PA165819271",
        "symbol" : "TPMT*3B",
        "name" : "*3B",
        "version" : 15
      },
      {
        "objCls" : "Haplotype",
        "id" : "PA165819272",
        "symbol" : "TPMT*3C",
        "name" : "*3C",
        "version" : 15
      }
    ],
    "relatedChemicals" : [
      {
        "objCls" : "Chemical",
        "id" : "PA449014",
        "name" : "cisplatin",
        "version" : 12
      }
    ],
    "relatedGenes" : [
      {
        "objCls" : "Gene",
        "id" : "PA356",
        "symbol" : "TPMT",
        "name" : "thiopurine S-methyltransferase",
        "version" : 7545
      }
    ],
    "source" : "CPNDS",
    "summaryMarkdown" : {
      "id" : 1449003692,
      "html" : "<p>The Canadian Pharmacogenomics Network for Drug Safety (CPNDS) clinical recommendation group has published guidelines for the use of pharmacogenetic testing for <em>TPMT</em> gene variants when prescribing cisplatin in pediatric cancer patients. They recommend testing for the <em>TPMT</em> alleles *2, *3A, *3B or *3C in all pediatric cancer patients due to the association of these alleles with an increased risk of cisplatin-induced ototoxicity.</p>\n",
      "version" : 0
    },
    "terms" : [],
    "textMarkdown" : {
      "id" : 1449003691,
      "html" : "<p>The Canadian Pharmacogenomics Network for Drug Safety (CPNDS) clinical recommendation group has published guidelines in the journal <em>Therapeutic Drug Monitoring</em>. Excerpts from “Clinical Practice Recommendations for the Management and Prevention of Cisplatin-Induced Hearing Loss Using Pharmacogenetic Markers” [Article:<a href=\"/pmid/26960170\">26960170</a>] follow:</p>\n<blockquote class=\"blockquote\">\n<ul>\n<li>\n<p>We recommend pharmacogenetic testing for the associated functional TPMT variants (*3A, *3B, *3C) and the known, relatively common, and functionally inactive TPMT *2 variant in pediatric patients to receive cisplatin <strong><em>(level A – strong recommendation)</em></strong></p>\n</li>\n<li>\n<p>All of these variants demonstrate reduced <em>in vitro</em> enzyme activity. Around 10% of the population carry one of these TPMT risk variants, which account for approximately 25% of patients with ototoxicity. Thus, the TPMT risk variants do not account for all cases of cisplatin ototoxicity. However, the high positive predictive value (92%) of the TPMT variants indicates that a vast majority of patients who carry these variants develop hearing loss.</p>\n</li>\n<li>\n<p>Currently, the impact of the genetic variants recommended for testing in children is unknown in adult patients. At this point, genetic testing to identify patients at risk for cisplatin-induced hearing loss is NOT recommended in adult patients <strong><em>(level C – optional recommendation)</em></strong></p>\n</li>\n<li>\n<p>Testing for variants in COMT, ABCC3, CTR1, GSTs, LRP2, DNA repair genes and genes associated with deafness is currently not recommended for clinical use <strong><em>(level C – optional recommendation)</em></strong></p>\n</li>\n</ul>\n<p><strong>Management options for patients carrying nonfunctional TPMT variants</strong></p>\n<ul>\n<li>\n<p>Physicians are encouraged to consider the use of otoprotectants (i.e. amifostine, sodium thiosulfate) if the patient’s tumour type is one for which otoprotectants may be effective to prevent cisplatin-induced ototoxicity without adversely affecting antitumour activity <strong><em>(level C - optional recommendation)</em></strong></p>\n</li>\n<li>\n<p>Alternative treatments may be prescribed when they have demonstrated equal efficacy, manageable and acceptable toxicity, less ototoxicity, and are considered options within the current standards of care <strong><em>(level C - optional recommendation)</em></strong></p>\n</li>\n<li>\n<p>Where appropriate, physicians are encouraged to increase monitoring in high-risk patients <strong><em>(level C - optional recommendation)</em></strong></p>\n</li>\n<li>\n<p>High risk patients should be encouraged to receive more frequent follow-up audiometric hearing tests after treatment has ended <strong><em>(level C – optional recommendation)</em></strong></p>\n</li>\n</ul>\n</blockquote>\n<p>See full guideline [Article:<a href=\"/pmid/26960170\">26960170</a>] for further details and grading scheme.</p>\n",
      "version" : 3
    },
    "version" : 10
  }
}