{
  "citations" : [],
  "guideline" : {
    "objCls" : "Guideline Annotation",
    "id" : "PA166105001",
    "name" : "Annotation of CPIC Guideline for trimipramine and CYP2C19, CYP2D6",
    "alternateDrugAvailable" : true,
    "cancerGenome" : false,
    "crossReferences" : [
      {
        "id" : 1447983444,
        "name" : "CPIC® Guideline for Tricyclic Antidepressants and CYP2D6 and CYP2C19 – CPIC",
        "resource" : "URL",
        "resourceId" : "https://cpicpgx.org/guidelines/guideline-for-tricyclic-antidepressants-and-cyp2d6-and-cyp2c19/",
        "_url" : "https://cpicpgx.org/guidelines/guideline-for-tricyclic-antidepressants-and-cyp2d6-and-cyp2c19/",
        "version" : 1
      }
    ],
    "descriptiveVideoId" : "i9p78ahlM88",
    "dosingInformation" : true,
    "hasTestingInfo" : false,
    "history" : [
      {
        "id" : 1183699781,
        "date" : "2013-01-16T00:00:00-08:00",
        "type" : "Create",
        "version" : 0
      },
      {
        "id" : 1448526140,
        "date" : "2016-12-14T14:15:07.523-08:00",
        "description" : "2016 TCA CPIC guideline update",
        "type" : "Update",
        "version" : 0
      },
      {
        "id" : 1450042789,
        "date" : "2018-11-15T20:21:56.215-08:00",
        "description" : "updated *14B to *14 and *14A to *114 based on the Nov 2018 PharmVar release",
        "type" : "Update",
        "version" : 0
      },
      {
        "id" : 1450824538,
        "date" : "2019-10-24T18:37:17.171-07:00",
        "description" : "online October 2019 guideline update (G2P project)",
        "type" : "Update",
        "version" : 0
      },
      {
        "id" : 1451223740,
        "date" : "2020-07-08T00:00:00-07:00",
        "description" : "added CYP2C19*36-*38 and CYP2D6*115-*139 to allele picker; changed function for *60, *72, *84",
        "type" : "Update",
        "version" : 0
      },
      {
        "id" : 1451225140,
        "date" : "2020-07-09T00:00:00-07:00",
        "description" : "In the diplotype specific recommendation (from the picker) for both CYP2C19 and CYP2D6, exchanged amitriptyline with trimipramine, if applicable. Added note that dosing recommendations are based on studies focusing on amitriptyline.",
        "type" : "Update",
        "version" : 0
      },
      {
        "id" : 1451309748,
        "date" : "2021-01-12T13:37:37.055-08:00",
        "description" : "Updated allele function assignment",
        "type" : "Update",
        "version" : 0
      },
      {
        "id" : 1451462560,
        "date" : "2021-06-18T15:32:46.091-07:00",
        "description" : "Added link to video",
        "type" : "Update",
        "version" : 0
      }
    ],
    "literature" : [
      {"id":15098242,"title":"Clinical pharmacogenetics implementation consortium guideline (CPIC) for CYP2D6 and CYP2C19 genotypes and dosing of tricyclic antidepressants: 2016 update.","_sameAs":"https://www.ncbi.nlm.nih.gov/pmc/articles/PMC5478479","crossReferences":[{"id":1449293321,"resource":"PubMed Central","resourceId":"PMC5478479","_url":"https://www.ncbi.nlm.nih.gov/pmc/articles/PMC5478479"},{"id":1449293320,"resource":"PubMed","resourceId":"27997040","_url":"https://www.ncbi.nlm.nih.gov/pubmed/27997040"},{"id":1449293322,"resource":"DOI","resourceId":"10.1002/cpt.597","_url":"http://dx.doi.org/10.1002%2Fcpt.597"}],"objCls":"Literature","pubDate":"2017-07-01T00:00:00-07:00","terms":[{"id":1451577480,"resource":"PGx Paper Types","term":"Implementation","termId":"pgxPaperTypes:1451577480"}],"type":"Literature"},
      {"id":15051926,"title":"Clinical Pharmacogenetics Implementation Consortium guideline for CYP2D6 and CYP2C19 genotypes and dosing of tricyclic antidepressants.","_sameAs":"https://www.ncbi.nlm.nih.gov/pmc/articles/PMC3689226","crossReferences":[{"id":1449275357,"resource":"PubMed Central","resourceId":"PMC3689226","_url":"https://www.ncbi.nlm.nih.gov/pmc/articles/PMC3689226"},{"id":1449275356,"resource":"PubMed","resourceId":"23486447","_url":"https://www.ncbi.nlm.nih.gov/pubmed/23486447"},{"id":1449275358,"resource":"DOI","resourceId":"10.1038/clpt.2013.2","_url":"http://dx.doi.org/10.1038%2Fclpt.2013.2"}],"objCls":"Literature","pubDate":"2013-05-01T00:00:00-07:00","terms":[{"id":1451577480,"resource":"PGx Paper Types","term":"Implementation","termId":"pgxPaperTypes:1451577480"}],"type":"Literature"}
    ],
    "otherPrescribingGuidance" : false,
    "pediatric" : true,
    "pediatricMarkdown" : {
      "id" : 1451266644,
      "html" : "<p>Guideline excerpt: &quot;There are scarce studies focusing solely on CYP2D6 or CYP2C19 genotype and association with pharmacokinetic parameters or treatment outcomes of TCAs in pediatric patients. CYP2D6 activity is fully mature by early childhood, but CYP2C19 activity may be increased in children relative to adults. Although further genomic ontogeny studies are needed, there is a lack of evidence suggesting that this guideline cannot be extrapolated to pediatric patients.&quot;</p>\n",
      "version" : 0
    },
    "recommendation" : true,
    "relatedAlleles" : [],
    "relatedChemicals" : [
      {
        "objCls" : "Chemical",
        "id" : "PA451791",
        "name" : "trimipramine",
        "version" : 8
      }
    ],
    "relatedGenes" : [
      {
        "objCls" : "Gene",
        "id" : "PA124",
        "symbol" : "CYP2C19",
        "name" : "cytochrome P450 family 2 subfamily C member 19",
        "version" : 7210
      },
      {
        "objCls" : "Gene",
        "id" : "PA128",
        "symbol" : "CYP2D6",
        "name" : "cytochrome P450 family 2 subfamily D member 6",
        "version" : 7891
      }
    ],
    "source" : "CPIC",
    "summaryMarkdown" : {
      "id" : 1447981940,
      "html" : "<p>Tricyclic antidepressants have comparable pharmacokinetic properties, it may be reasonable to apply the CPIC Dosing Guideline for amitriptyline and CYP2C19, CYP2D6 to other tricyclics including trimipramine. The CPIC Dosing Guideline update for amitriptyline recommends an alternative drug for CYP2D6 ultrarapid or poor metabolizers and CYP2C19 ultrarapid, rapid or poor metabolizers. If amitriptyline is warranted, consider a 50% dose reduction in CYP2D6 or CYP2C19 poor metabolizers. For CYP2D6 intermediate metabolizers, a 25% dose reduction should be considered.</p>\n",
      "version" : 1
    },
    "terms" : [],
    "textMarkdown" : {
      "id" : 1451433705,
      "html" : "<p>This annotation is based on the <a rel=\"noopener noreferrer\" href=\"https://cpicpgx.org/guidelines/guideline-for-tricyclic-antidepressants-and-cyp2d6-and-cyp2c19/\" target=\"_blank\">CPIC&reg; guideline for tricyclic antidepressants and CYP2D6 and CYP2C19</a>.</p>\n<h3 id=\"october-2019-update\">October 2019 Update</h3>\n<p><a rel=\"noopener noreferrer\" href=\"https://ascpt.onlinelibrary.wiley.com/doi/full/10.1111/cts.12692\" target=\"_blank\">CYP2D6 genotype to phenotype translation changes</a>: Up until August 2019, there were a few inconsistencies in the translation of CYP2D6 genotype to phenotype translation across guidelines (i.e. CPIC and DPWG) and between clinical genetic testing laboratories. CPIC recently conducted a modified-Delphi project to obtain consensus for a uniform system for translating CYP2D6 genotype to phenotype among a panel of international CYP2D6 experts <a rel=\"noopener noreferrer\" href=\"https://cpicpgx.org/resources/cyp2d6-genotype-to-phenotype-standardization-project/\" target=\"_blank\">more information</a>. Modifications to CPIC’s prior system include downgrading the value assigned to the CYP2D6*10 allele for activity score calculation from 0.5 to 0.25 and changing the phenotype assignment for an activity score of 1 from normal metabolizer to intermediate metabolizer (<a rel=\"noopener noreferrer\" href=\"http://files.cpicpgx.org/data/gene/CYP2D6/Inferred_CYP2D6_Phenotype10242019.docx\" target=\"_blank\">table of all previous and new phenotype groupings</a>).</p>\n<p>As a result, the following changes have been made in the CYP2D6 allele functionality table and the CYP2D6 genotype to phenotype table (access tables below):</p>\n<ul>\n<li>Diplotypes giving rise to activity scores of 1 changed from CYP2D6 normal metabolizer to CYP2D6 intermediate metabolizer assignments.\n<ul>\n<li><strong>Impact on the recommendations in this guideline:</strong> The recommendation for CYP2D6 IM (reduce starting dose by 25%) should be considered for CYP2D6 AS of 1 (strength of recommendation: optional). The authors of this guideline are in the process of updating this guideline to reflect this change and evaluate new evidence since the publication of this guideline.</li>\n</ul>\n</li>\n<li>All activity scores for diplotypes containing a CYP2D6*10 allele have been updated accordingly (activity scores changed to reflect the lower activity value of 0.25 for CYP2D6*10). See <a rel=\"noopener noreferrer\" href=\"http://files.cpicpgx.org/data/gene/CYP2D6/Inferred_CYP2D6_Phenotype10242019.docx\" target=\"_blank\">table of all previous and new phenotype groupings</a>.\n<ul>\n<li><strong>Impact on the recommendations in this guideline:</strong> Prior to the consensus projects, the combination of a duplicated normal function allele with a CYP2D6*10 allele resulted in an activity score of 2.5 which translates to an ultrarapid metabolizer. The lower value of 0.25 for CYP2D6*10 results in an activity score of 2.25 for these allele combinations, which based on the consensus project translates to a normal metabolizer.</li>\n</ul>\n</li>\n</ul>\n<h3 id=\"december-2016-update\">December 2016 Update</h3>\n<p><em>Advance online publication December 2016.</em></p>\n<ul>\n<li>The 2016 update of CPIC guidelines regarding the use of pharmacogenomic tests in dosing of tricyclic antidepressants (TCAs) have been published in Clinical Pharmacology and Therapeutics by the Clinical Pharmacogenetics Implementation Consortium <a rel=\"noopener noreferrer\" href=\"https://cpicpgx.org\" target=\"_blank\">(CPIC)</a>.  Literature up to July 2016 was reviewed, recommendations and supplemental information were updated.</li>\n<li>Excerpt from the 2016 dosing guideline update:\n<ul>\n<li>&quot;Both amitriptyline and nortriptyline are used as representative TCAs for this guideline because the majority of pharmacogenomic studies have focused on these two drugs. However, the results of these studies may apply to other TCAs because these drugs have comparable pharmacokinetic properties.&quot;</li>\n<li>&quot;There is substantial evidence linking <em>CYP2D6</em> and <em>CYP2C19</em> genotypes to phenotypic variability in tricyclic side-effect and pharmacokinetic profiles. Modifying pharmacotherapy for patients who have <em>CYP2D6</em> or <em>CYP2C19</em> genomic variants that affect drug efficacy and safety could potentially improve clinical outcomes and reduce the failure rate of initial treatment.&quot;</li>\n<li>&quot; There are scarce studies focusing solely on <em>CYP2D6</em> or <em>CYP2C19</em> genotype and association with pharmacokinetic parameters or treatment outcomes of TCAs in pediatric patients. CYP2D6 activity is fully mature by early childhood, but CYP2C19 activity may be increased in children relative to adults. Although further genomic ontogeny studies are needed, there is a lack of evidence suggesting that this guideline cannot be extrapolated to pediatric patients.&quot;</li>\n</ul>\n</li>\n<li>The guideline includes dosing recommendation for TCAs based on:\n<ul>\n<li>CYP2D6 phenotype (<a href=\"#table-1-dosing-recommendations-for-tcas-based-on-cyp2d6-phenotype\">Table 1 below</a>)</li>\n<li>CYP2C19 phenotype (<a href=\"#table-2-dosing-recommendations-for-tcas-based-on-cyp2c19-phenotype\">Table 2 below</a>)</li>\n</ul>\n</li>\n<li>Download and read:\n<ul>\n<li><a rel=\"noopener noreferrer\" href=\"https://files.cpicpgx.org/data/guideline/publication/TCA/2016/TCA_2016.pdf\" target=\"_blank\">Clinical Pharmacogenetics Implementation Consortium guideline for CYP2D6 and CYP2C19 genotypes and dosing of tricyclic antidepressants: 2016 Update</a></li>\n<li><a rel=\"noopener noreferrer\" href=\"https://files.cpicpgx.org/data/guideline/publication/TCA/2016/TCA_Supplement_2016.pdf\" target=\"_blank\">2016 supplement</a></li>\n<li><a href=\"https://www.pharmgkb.org/page/cyp2d6RefMaterials\">CYP2D6 Gene-specific Information Tables</a></li>\n<li><a href=\"https://www.pharmgkb.org/page/cyp2c19RefMaterials\">CYP2C19 Gene-specific Information Tables</a></li>\n<li><a rel=\"noopener noreferrer\" href=\"https://files.cpicpgx.org/data/report/current/test_alert/trimipramine_Pre_and_Post_Test_Alerts.xlsx\" target=\"_blank\">Trimipramine Pre and Post Test Alerts</a></li>\n<li><a rel=\"noopener noreferrer\" href=\"https://files.cpicpgx.org/images/flow_chart/Trimipramine_CDS_Flow_Chart.jpg\" target=\"_blank\">Trimipramine Flow Chart</a></li>\n<li><a rel=\"noopener noreferrer\" href=\"https://files.cpicpgx.org/data/guideline/publication/TCA/2016/Trimipramine_Drug_Resource_Mappings.xlsx\" target=\"_blank\">Trimipramine Drug Resource Mappings</a></li>\n</ul>\n</li>\n</ul>\n<h3 id=\"table-1-dosing-recommendations-for-tcas-based-on-cyp2d6-phenotype\">Table 1: Dosing recommendations for TCAs based on CYP2D6 phenotype:</h3>\n<p><em>Adapted from Tables 1 and 2 of the 2016 guideline update.</em></p>\n<table class=\"table\">\n<thead>\n<tr>\n<th>Likely phenotype</th>\n<th>Activity score</th>\n<th>Genotypes</th>\n<th>Examples of diplotypes</th>\n<th>Implications</th>\n<th>Therapeutic Recommendations<sup>a, b</sup></th>\n<th>Classification of recommendation for other TCAs <sup>c</sup></th>\n</tr>\n</thead>\n<tbody>\n<tr>\n<td>CYP2D6 Ultrarapid metabolizer (~1-20% of patients)<sup>d</sup></td>\n<td>&gt;2.0</td>\n<td>An individual carrying more than two copies of functional alleles</td>\n<td>*1/*1xN, *1/*2xN</td>\n<td>Increased metabolism of TCAs to less active compounds compared to normal metabolizers. Lower plasma concentrations of active drug will increase probability of pharmacotherapy failure.</td>\n<td>Avoid tricyclic use due to potential lack of efficacy. Consider alternative drug not metabolized by CYP2D6.<br/>If a TCA is warranted, consider titrating to a higher target dose (compared to normal metabolizers). Utilize therapeutic drug monitoring to guide dose adjustments.<sup>e</sup></td>\n<td>Optional</td>\n</tr>\n<tr>\n<td>CYP2D6 Normal metabolizer (~72-88% of patients)<sup>d</sup></td>\n<td>1.0-2.0<sup>f</sup></td>\n<td>An individual carrying two normal function alleles or two decreased function alleles or one normal and no function allele or one normal and decreased function allele or combinations of duplicated alleles that result in an activity score of 1.0-2.0</td>\n<td>*1/*1, *1/*2, *2/*2, *1/*9, *1/*41, *41/*41, *1/*4, *1/*5</td>\n<td>Normal metabolism of TCAs.</td>\n<td>Initiate therapy with recommended starting dose.<sup>g</sup></td>\n<td>Strong</td>\n</tr>\n<tr>\n<td>CYP2D6 Intermediate metabolizer (~1-13% of patients)<sup>d</sup></td>\n<td>0.5</td>\n<td>An individual carrying one decreased and one no function allele</td>\n<td>*4/*41, *5/*9, *4/*10</td>\n<td>Reduced metabolism of TCAs to less active compounds when compared to normal metabolizers. Higher plasma concentrations of active drug will increase the probability of side effects.</td>\n<td>Consider 25% reduction of recommended starting dose.<sup>g</sup> Utilize therapeutic drug monitoring to guide dose adjustments.<sup>e</sup></td>\n<td>Optional</td>\n</tr>\n<tr>\n<td>CYP2D6 Poor metabolizer (~1-10% of patients)<sup>d</sup></td>\n<td>0</td>\n<td>An individual carrying only no function alleles</td>\n<td>*4/*4, *4/*4xN, *3/*4, *5/*5, *5/*6</td>\n<td>Greatly reduced metabolism of  TCAs to less active compounds compared to normal metabolizers. Higher plasma concentrations of active drug will increase the probability of side effects.</td>\n<td>Avoid tricyclic use due to potential for side effects. Consider alternative drug not metabolized by CYP2D6.<br/>If a TCA is warranted, consider 50% reduction of recommended starting dose.<sup>g</sup> Utilize therapeutic drug monitoring to guide dose adjustments.<sup>e</sup></td>\n<td>Optional</td>\n</tr>\n</tbody>\n</table>\n<p><sup>a</sup> For tertiary amines (e.g., amitriptyline), if CYP2C19 genotype results are also available, see Table 2 for CYP2C19-based dosing recommendations and Table 3 below for CYP2D6/CYP2C19-based dosing recommendations.</p>\n<p><sup>b</sup> Dosing recommendations only apply to higher initial doses of TCAs for treatment of conditions such as depression. See other considerations in the guideline for dosing recommendations for conditions where lower initial doses are used, such as neuropathic pain.</p>\n<p><sup>c</sup> The rating scheme for the recommendation of classification is described in the Supplement. It may be reasonable to apply amitriptyline recommendation to other TCAs also metabolized by CYP2D6 including clomipramine, desipramine, doxepin, imipramine, and trimipramine. There are fewer clinical and pharmacokinetic data supporting genotype-guided dose adjustments for these drugs when compared to amitriptyline or nortriptyline (Supplemental Tables S8-S16).</p>\n<p><sup>d</sup> CYP2D6 and CYP2C19 metabolizer status frequencies are based on average multi-ethnic frequencies. See the CYP2C19 and CYP2D6 Frequency Tables for population-specific allele and phenotype frequencies.</p>\n<p><sup>e</sup> Titrate dose to observed clinical response with symptom improvement and minimal (if any) side effects.</p>\n<p><sup>f</sup> Patients with an activity score of 1.0 may be classified as intermediate metabolizers by some reference laboratories.</p>\n<p><sup>g</sup> Patients may receive an initial low dose of a tricyclic, which is then increased over several days to the recommended steady-state dose. The starting dose in this guideline refers to the recommended steady-state dose.</p>\n<h3 id=\"table-2-dosing-recommendations-for-tcas-based-on-cyp2c19-phenotype\">Table 2: Dosing recommendations for TCAs based on CYP2C19 phenotype:</h3>\n<p><em>Adapted from Tables 1 and 3 of the 2016 guideline update.</em></p>\n<table class=\"table\">\n<thead>\n<tr>\n<th>Likely phenotype</th>\n<th>Genotypes</th>\n<th>Examples of diplotypes</th>\n<th>Implications</th>\n<th>Therapeutic recommendations<sup>a,b</sup></th>\n<th>Classification of recommendations for amitriptyline<sup>c</sup></th>\n</tr>\n</thead>\n<tbody>\n<tr>\n<td>CYP2C19 Ultrarapid metabolizer (~2-5% of patients)<sup>d</sup></td>\n<td>An individual carrying two increased function alleles</td>\n<td>*17/*17</td>\n<td>Increased metabolism of tertiary amines compared to normal metabolizers. Greater conversion of tertiary amines to secondary amines may affect response or side effects.</td>\n<td>Avoid tertiary amine use due to potential for sub-optimal response. Consider alternative drug not metabolized by CYP2C19.  TCAs without major CYP2C19 metabolism include the secondary amines nortriptyline and desipramine.<br/>If a tertiary amine is warranted, utilize therapeutic drug monitoring to guide dose adjustments.<sup>e</sup></td>\n<td>Optional</td>\n</tr>\n<tr>\n<td>CYP2C19 Rapid metabolizer (~2-30% of patients)<sup>d</sup></td>\n<td>An individual carrying one normal and one increased function allele</td>\n<td>*1/*17</td>\n<td>Increased metabolism of tertiary amines compared to normal metabolizers. Greater conversion of tertiary amines to secondary amines may affect response or side effects.</td>\n<td>Avoid tertiary amine use due to potential for sub-optimal response. Consider alternative drug not metabolized by CYP2C19.  TCAs without major CYP2C19 metabolism include the secondary amines nortriptyline and desipramine.<br/>If a tertiary amine is warranted, utilize therapeutic drug monitoring to guide dose adjustments.<sup>e</sup></td>\n<td>Optional</td>\n</tr>\n<tr>\n<td>CYP2C19 Normal metabolizer (~35-50% of patients)<sup>d</sup></td>\n<td>An individual carrying two normal function alleles</td>\n<td>*1/*1</td>\n<td>Normal metabolism of tertiary amines.</td>\n<td>Initiate therapy with recommended starting dose.<sup>f</sup></td>\n<td>Strong</td>\n</tr>\n<tr>\n<td>CYP2C19 Intermediate metabolizer (~18-45% of patients)<sup>d</sup></td>\n<td>An individual carrying one normal and one no function allele or one no and one increased function allele</td>\n<td>*1/*2, *1/*3, *2/*17<sup>g</sup></td>\n<td>Reduced metabolism of tertiary amines compared to normal metabolizers.</td>\n<td>Initiate therapy with recommended starting dose.<sup>f</sup></td>\n<td>Optional</td>\n</tr>\n<tr>\n<td>CYP2C19 Poor metabolizer (~2-15% of patients)<sup>d</sup></td>\n<td>An individual carrying two no function alleles</td>\n<td>*2/*2, *2/*3, *3/*3</td>\n<td>Greatly reduced metabolism of tertiary amines compared to normal metabolizers. Decreased conversion of tertiary amines to secondary amines may affect response or side effects.</td>\n<td>Avoid tertiary amine use due to potential for sub-optimal response. Consider alternative drug not metabolized by CYP2C19.  TCAs without major CYP2C19 metabolism include the secondary amines nortriptyline and desipramine.<br/>For tertiary amines, consider a 50% reduction of the recommended starting dose.<sup>f</sup> Utilize therapeutic drug monitoring to guide dose adjustments.<sup>e</sup></td>\n<td>Optional</td>\n</tr>\n</tbody>\n</table>\n<p><sup>a</sup> For tertiary amines (e.g., amitriptyline), if CYP2D6 genotype results are also available, see Table 1 for CYP2D6-based dosing recommendations above and Table 3 below for CYP2D6/CYP2C19-based dosing recommendations.</p>\n<p><sup>b</sup> Dosing recommendations only apply to higher initial doses of TCAs for treatment of conditions such as depression. See other considerations in the guideline for dosing recommendations for conditions where lower initial doses are used, such as neuropathic pain.</p>\n<p><sup>c</sup> The rating scheme for the recommendation of classification is described in the Supplement. It may be reasonable to apply amitriptyline recommendation to other TCAs also metabolized by CYP2C19 including clomipramine, doxepin, imipramine, and trimipramine. There are fewer clinical and pharmacokinetic data supporting dose adjustments for these drugs when compared to amitriptyline or nortriptyline (Supplemental Tables S8-S16).</p>\n<p><sup>d</sup> CYP2D6 and CYP2C19 metabolizer status frequencies are based on average multi-ethnic frequencies. See the CYP2C19 and CYP2D6 Frequency Tables for population-specific allele and phenotype frequencies.</p>\n<p><sup>e</sup> Titrate dose to observed clinical response with symptom improvement and minimal (if any) side effects.</p>\n<p><sup>f</sup> Patients may receive an initial low dose of a tricyclic, which is then increased over several days to the recommended steady-state dose. The starting dose in this guideline refers to the recommended steady-state dose.</p>\n<p><sup>g</sup> The predicted metabolizer phenotype for the*2/*17 genotype is a provisional classification. The currently available evidence indicates that the CYP2C19*17 increased function allele is unable to completely compensate for the CYP2C19*2 no function allele.</p>\n<h3 id=\"may-2013\">May 2013</h3>\n<p>Guidelines regarding the use of pharmacogenomic tests in dosing for tricyclic antidepressants have been published in Clinical Pharmacology and Therapeutics by the <a rel=\"noopener noreferrer\" href=\"https://cpicpgx.org\" target=\"_blank\">Clinical Pharmacogenetics Implementation Consortium (CPIC)</a>.</p>\n<p><strong>Download:</strong> <a rel=\"noopener noreferrer\" href=\"https://files.cpicpgx.org/data/guideline/publication/TCA/2013/23486447.pdf\" target=\"_blank\">article</a> and <a rel=\"noopener noreferrer\" href=\"https://files.cpicpgx.org/data/guideline/publication/TCA/2013/23486447-supplement.pdf\" target=\"_blank\">supplement</a></p>\n<h5 id=\"excerpt-from-the-dosing-guidelines\">Excerpt from the dosing guidelines:</h5>\n<p><a href=\"http://www.pharmgkb.org/drug/PA448385\">Amitriptyline</a> and nortriptyline are used as model drugs for this guideline because the majority of pharmacogenomic studies have focused on these two drugs. Because the tricyclics have comparable pharmacokinetic properties, it may be reasonable to apply this <a rel=\"noopener noreferrer\" href=\"https://files.cpicpgx.org/data/guideline/publication/TCA/2013/23486447.pdf\" target=\"_blank\">guideline</a> to other tricyclics including clomipramine (<a rel=\"noopener noreferrer\" href=\"https://files.cpicpgx.org/data/guideline/publication/TCA/2013/23486447-supplement.pdf\" target=\"_blank\">Supplementary Table S18</a>), with the acknowledgement that there are fewer data supporting dose adjustments for these drugs than for amitriptyline or nortriptyline.</p>\n<p>See <a href=\"http://www.pharmgkb.org/drug/PA448385\">amitriptyline</a> for excerpts and tables that summarize <em>CYP2D6</em>-based and <em>CYP2C19</em>-based dosing recommendations for amitriptyline when higher initial starting doses are warranted (<a rel=\"noopener noreferrer\" href=\"https://files.cpicpgx.org/data/guideline/publication/TCA/2013/23486447.pdf\" target=\"_blank\">article</a>).</p>\n",
      "version" : 1
    },
    "version" : 51
  }
}