{
  "citations" : [
    {
      "id" : 7283333,
      "title" : "Pharmacogenetics: from bench to byte--an update of guidelines.",
      "_sameAs" : "https://www.ncbi.nlm.nih.gov/pubmed/21412232",
      "authors" : [
        "Swen J J",
        "Nijenhuis M",
        "de Boer A",
        "Grandia L",
        "Maitland-van der Zee A H",
        "Mulder H",
        "Rongen G A P J M",
        "van Schaik R H N",
        "Schalekamp T",
        "Touw D J",
        "van der Weide J",
        "Wilffert B",
        "Deneer V H M",
        "Guchelaar H-J"
      ],
      "crossReferences" : [
        {
          "id" : 769250885,
          "resource" : "PubMed",
          "resourceId" : "21412232",
          "_url" : "https://www.ncbi.nlm.nih.gov/pubmed/21412232",
          "version" : 0
        },
        {
          "id" : 1449247827,
          "resource" : "DOI",
          "resourceId" : "10.1038/clpt.2011.34",
          "_url" : "http://dx.doi.org/10.1038%2Fclpt.2011.34",
          "version" : 0
        }
      ],
      "day" : -1,
      "hasKeyword" : true,
      "journal" : "Clinical pharmacology and therapeutics",
      "meshTerms" : [
        "Animals",
        "Aryl Hydrocarbon Hydroxylases",
        "Cytochrome P-450 CYP2C9",
        "Drug Administration Schedule",
        "Drug-Related Side Effects and Adverse Reactions",
        "Humans",
        "Pharmaceutical Preparations",
        "Pharmacogenetics",
        "Practice Guidelines as Topic"
      ],
      "month" : 5,
      "nonHuman" : false,
      "objCls" : "Literature",
      "page" : "662-73",
      "pediatric" : false,
      "pgkbPublication" : false,
      "pubDate" : "2011-05-01T00:00:00-07:00",
      "pubmedMeshTerms" : [],
      "summary" : "Currently, there are very few guidelines linking the results of pharmacogenetic tests to specific therapeutic recommendations. Therefore, the Royal Dutch Association for the Advancement of Pharmacy established the Pharmacogenetics Working Group with the objective of developing pharmacogenetics-based therapeutic (dose) recommendations. After systematic review of the literature, recommendations were developed for 53 drugs associated with genes coding for CYP2D6, CYP2C19, CYP2C9, thiopurine-S-methyltransferase (TPMT), dihydropyrimidine dehydrogenase (DPD), vitamin K epoxide reductase (VKORC1), uridine diphosphate glucuronosyltransferase 1A1 (UGT1A1), HLA-B44, HLA-B*5701, CYP3A5, and factor V Leiden (FVL).",
      "terms" : [],
      "type" : "Literature",
      "version" : 4,
      "volume" : "89",
      "year" : 2011
    }
  ],
  "guideline" : {
    "objCls" : "Guideline Annotation",
    "id" : "PA166104937",
    "name" : "Annotation of DPWG Guideline for aripiprazole and CYP2D6",
    "alternateDrugAvailable" : false,
    "cancerGenome" : false,
    "crossReferences" : [],
    "dosingInformation" : true,
    "hasTestingInfo" : true,
    "history" : [
      {
        "id" : 1183704443,
        "date" : "2011-08-10T00:00:00-07:00",
        "type" : "Create",
        "version" : 0
      },
      {
        "id" : 1450415078,
        "date" : "2019-05-23T17:15:21.564-07:00",
        "description" : "Annotation current with November 2018 DPWG Guideline release",
        "type" : "Update",
        "version" : 0
      },
      {
        "id" : 1450820766,
        "date" : "2019-10-06T21:23:26.334-07:00",
        "description" : "No changes based on August 2019 guideline",
        "type" : "Update",
        "version" : 0
      },
      {
        "id" : 1450956222,
        "date" : "2020-01-31T13:17:30.920-08:00",
        "description" : "Updated link to 2011 DPWG methods",
        "type" : "Update",
        "version" : 0
      },
      {
        "id" : 1450962580,
        "date" : "2020-02-10T08:56:52.239-08:00",
        "description" : "Fixed links to 2018 guideline pdfs.",
        "type" : "Update",
        "version" : 0
      },
      {
        "id" : 1451431300,
        "date" : "2021-05-04T00:00:00-07:00",
        "description" : "Added extended dosing",
        "type" : "Update",
        "version" : 0
      },
      {
        "id" : 1451704200,
        "date" : "2022-03-03T16:33:26.367-08:00",
        "description" : "Annotation current with May 2021 DPWG Guideline release",
        "type" : "Note",
        "version" : 0
      },
      {
        "id" : 1451706160,
        "date" : "2022-03-07T14:06:44.938-08:00",
        "description" : "Added information about preemptive genotyping",
        "type" : "Update",
        "version" : 0
      },
      {
        "id" : 1451723000,
        "date" : "2022-03-17T20:05:36.397-07:00",
        "description" : "Updated text based on February 2022 release",
        "type" : "Update",
        "version" : 0
      },
      {
        "id" : 1451732840,
        "date" : "2022-03-28T09:57:39.962-07:00",
        "description" : "Annotation current with February 2022 DPWG guideline release",
        "type" : "Note",
        "version" : 0
      },
      {
        "id" : 1451733286,
        "date" : "2022-03-28T14:32:16.349-07:00",
        "description" : "Updated link to testing guidance page",
        "type" : "Update",
        "version" : 0
      },
      {
        "id" : 1451741463,
        "date" : "2022-04-05T11:09:48.411-07:00",
        "description" : "Added testing guidance tag",
        "type" : "Update",
        "version" : 0
      },
      {
        "id" : 1451822400,
        "date" : "2022-07-11T08:49:31.692-07:00",
        "description" : "Corrected typo",
        "type" : "Update",
        "version" : 0
      },
      {
        "id" : 1451884085,
        "date" : "2022-09-16T09:40:40.769-07:00",
        "description" : "Fixed link to gene information document and added explanatory note",
        "type" : "Update",
        "version" : 0
      },
      {
        "id" : 1451957180,
        "date" : "2022-12-06T12:19:33.066-08:00",
        "description" : "fixed typo.",
        "type" : "Update",
        "version" : 0
      },
      {
        "id" : 1452057440,
        "date" : "2023-04-03T13:54:47.564-07:00",
        "description" : "added DPWG guideline",
        "type" : "Update",
        "version" : 0
      },
      {
        "id" : 1452084381,
        "date" : "2023-04-28T18:51:44.314-07:00",
        "description" : "Updated allele function assignment",
        "type" : "Update",
        "version" : 0
      },
      {
        "id" : 1452084402,
        "date" : "2023-04-28T18:51:57.768-07:00",
        "description" : "Updated allele function assignment",
        "type" : "Update",
        "version" : 0
      },
      {
        "id" : 1452084423,
        "date" : "2023-04-28T18:52:07.968-07:00",
        "description" : "Updated allele function assignment",
        "type" : "Update",
        "version" : 0
      },
      {
        "id" : 1452084444,
        "date" : "2023-04-28T18:52:19.749-07:00",
        "description" : "Updated allele function assignment",
        "type" : "Update",
        "version" : 0
      },
      {
        "id" : 1452084465,
        "date" : "2023-04-28T18:52:49.106-07:00",
        "description" : "Updated allele function assignment",
        "type" : "Update",
        "version" : 0
      },
      {
        "id" : 1452084486,
        "date" : "2023-04-28T18:53:07.298-07:00",
        "description" : "Updated allele function assignment",
        "type" : "Update",
        "version" : 0
      },
      {
        "id" : 1452084507,
        "date" : "2023-04-28T18:53:23.337-07:00",
        "description" : "Updated allele function assignment",
        "type" : "Update",
        "version" : 0
      },
      {
        "id" : 1452084528,
        "date" : "2023-04-28T18:53:40.953-07:00",
        "description" : "Updated allele function assignment",
        "type" : "Update",
        "version" : 0
      },
      {
        "id" : 1452084549,
        "date" : "2023-04-28T18:54:03.505-07:00",
        "description" : "Updated allele function assignment",
        "type" : "Update",
        "version" : 0
      },
      {
        "id" : 1452084570,
        "date" : "2023-04-28T18:56:19.921-07:00",
        "description" : "Updated allele function assignment",
        "type" : "Update",
        "version" : 0
      },
      {
        "id" : 1452084601,
        "date" : "2023-04-28T19:05:03.302-07:00",
        "description" : "Updated allele function assignment",
        "type" : "Update",
        "version" : 0
      },
      {
        "id" : 1452146443,
        "date" : "2023-07-03T13:39:45.850-07:00",
        "description" : "Annotation current with May 2023 DPWG Guideline release",
        "type" : "Note",
        "version" : 0
      },
      {
        "id" : 1452408240,
        "date" : "2024-03-14T07:41:19.537-07:00",
        "description" : "Updated links for risk analysis pdf and preemptive testing page.",
        "type" : "Update",
        "version" : 0
      },
      {
        "id" : 1452408380,
        "date" : "2024-03-14T10:17:33.811-07:00",
        "description" : "Fixed link to CYP2D6 pdf (was linked to CYP2C19)",
        "type" : "Update",
        "version" : 0
      },
      {
        "id" : 1452423209,
        "date" : "2024-03-28T00:00:00-07:00",
        "description" : "Tags updated: [Alt Drug removed]",
        "type" : "Update",
        "version" : 0
      }
    ],
    "literature" : [
      {"id":15142974,"title":"Dutch Pharmacogenetics Working Group (DPWG) guideline for the gene-drug interaction between CYP2D6, CYP3A4 and CYP1A2 and antipsychotics.","_sameAs":"https://www.ncbi.nlm.nih.gov/pmc/articles/PMC10923774","crossReferences":[{"id":1452412000,"resource":"PubMed Central","resourceId":"PMC10923774","_url":"https://www.ncbi.nlm.nih.gov/pmc/articles/PMC10923774"},{"id":1452056756,"resource":"PubMed","resourceId":"37002327","_url":"https://www.ncbi.nlm.nih.gov/pubmed/37002327"},{"id":1452056757,"resource":"DOI","resourceId":"10.1038/s41431-023-01347-3","_url":"http://dx.doi.org/10.1038%2Fs41431-023-01347-3"}],"objCls":"Literature","pubDate":"2024-03-01T00:00:00-08:00","terms":[{"id":1451577480,"resource":"PGx Paper Types","term":"Implementation","termId":"pgxPaperTypes:1451577480"}],"type":"Literature"},
      {"id":7283333,"title":"Pharmacogenetics: from bench to byte--an update of guidelines.","_sameAs":"https://www.ncbi.nlm.nih.gov/pubmed/21412232","crossReferences":[{"id":769250885,"resource":"PubMed","resourceId":"21412232","_url":"https://www.ncbi.nlm.nih.gov/pubmed/21412232"},{"id":1449247827,"resource":"DOI","resourceId":"10.1038/clpt.2011.34","_url":"http://dx.doi.org/10.1038%2Fclpt.2011.34"}],"objCls":"Literature","pubDate":"2011-05-01T00:00:00-07:00","terms":[],"type":"Literature"},
      {"id":15103288,"title":"Dutch Pharmacogenetics Working Group Guidelines August 2019","_sameAs":"https://api.pharmgkb.org/v1/preview/download/file/attachment/DPWG_August_2019.pdf","crossReferences":[{"id":1450815695,"resource":"URL","resourceId":"https://api.pharmgkb.org/v1/preview/download/file/attachment/DPWG_August_2019.pdf","_url":"https://api.pharmgkb.org/v1/preview/download/file/attachment/DPWG_August_2019.pdf"}],"objCls":"Literature","terms":[],"type":"Literature"},
      {"id":15102465,"title":"Dutch Pharmacogenetics Working Group Guidelines November 2018","_sameAs":"https://api.pharmgkb.org/v1/preview/download/file/attachment/DPWG_November_2018.pdf","crossReferences":[{"id":1450415575,"resource":"URL","resourceId":"https://api.pharmgkb.org/v1/preview/download/file/attachment/DPWG_November_2018.pdf","_url":"https://api.pharmgkb.org/v1/preview/download/file/attachment/DPWG_November_2018.pdf"}],"objCls":"Literature","terms":[],"type":"Literature"}
    ],
    "otherPrescribingGuidance" : false,
    "pediatric" : false,
    "recommendation" : true,
    "relatedAlleles" : [],
    "relatedChemicals" : [
      {
        "objCls" : "Chemical",
        "id" : "PA10026",
        "name" : "aripiprazole",
        "version" : 10
      }
    ],
    "relatedGenes" : [
      {
        "objCls" : "Gene",
        "id" : "PA128",
        "symbol" : "CYP2D6",
        "name" : "cytochrome P450 family 2 subfamily D member 6",
        "version" : 7891
      }
    ],
    "source" : "DPWG",
    "summaryMarkdown" : {
      "id" : 1447981884,
      "html" : "<p>The Royal Dutch Pharmacists Association - Pharmacogenetics Working Group (DPWG) recommends reducing maximum dose of aripiprazole for patients carrying poor metabolizer alleles of CYP2D6.</p>\n",
      "version" : 0
    },
    "terms" : [],
    "textMarkdown" : {
      "id" : 1447981883,
      "html" : "<h3 id=\"dutch-pharmacogenetics-working-group-dpwg-guideline-for-the-gene-drug-interaction-between-cyp2d6-cyp3a4-and-cyp1a2-and-antipsychotics-european-journal-of-human-genetics-2023\">Dutch Pharmacogenetics Working Group (DPWG) guideline for the gene-drug interaction between CYP2D6, CYP3A4 and CYP1A2 and antipsychotics.  European journal of human genetics (2023)</h3>\n<p>The Royal Dutch Pharmacists Association - Pharmacogenetics Working Group published a paper with the guidelines for aripiprazole and CYP2D6 as per the February 2022 guidelines and further details on the assessed literature [Article:<a href=\"/pmid/37002327\">37002327</a>]. Wording in the poor metabolizer recommendation changed from &quot;standard maximum dose of aripiprazole&quot; to &quot;normal maximum dose of aripiprazole&quot; and is reflected in the table below.</p>\n<h3 id=\"february-2022-update\">February 2022 Update</h3>\n<p>The Royal Dutch Pharmacists Association - Pharmacogenetics Working Group has made a minor change to their recommendation for CYP2D6 poor metabolizers and aripiprazole. These patients are now recommended to be given a maximum of 68-75% of the standard maximum dose of aripiprazole, rather than 67-75%. The table below has been updated to reflect this. <a download=\"DPWG_February_2022_guidelines.pdf\" href=\"https://api.pharmgkb.org/v1/download/file/attachment/DPWG_February_2022_guidelines.pdf\">See the DPWG February 2022 guidelines</a>.</p>\n<h3 id=\"november-2018-update\">November 2018 Update</h3>\n<p>The Royal Dutch Pharmacists Association - Pharmacogenetics Working Group has evaluated therapeutic dose recommendations for aripiprazole based on CYP2D6 genotype. They recommend reducing maximum dose of aripiprazole for CYP2D6 poor metabolizer (PM).</p>\n<p><em>Wording in table taken from the <a download=\"DPWG_November_2018.pdf\" href=\"https://api.pharmgkb.org/v1/download/file/attachment/DPWG_November_2018.pdf\">Dutch guidelines November 2018 update</a></em></p>\n<table class=\"table\">\n<thead>\n<tr>\n<th>Allele/Genotype/Phenotype</th>\n<th>Drug</th>\n<th>Description</th>\n<th>Recommendation</th>\n</tr>\n</thead>\n<tbody>\n<tr>\n<td>CYP2D6 UM</td>\n<td>aripiprazole</td>\n<td>-</td>\n<td>NO action is needed for this gene-drug interaction. The genetic variation decreases the plasma concentration of the sum of aripiprazole and the active metabolite dehydroaripiprazole to a limited degree. There is no evidence that this increases the risk of reduced effectiveness.</td>\n</tr>\n<tr>\n<td>CYP2D6 IM</td>\n<td>aripiprazole</td>\n<td>-</td>\n<td>NO action is needed for this gene-drug interaction.The genetic variation increases the plasma concentration of the sum of aripiprazole and the active metabolite dehydroaripiprazole to a limited degree. There is insufficient evidence that this increases the risk of side effects.</td>\n</tr>\n<tr>\n<td>CYP2D6 PM</td>\n<td>aripiprazole</td>\n<td>The risk of side effects is increased. The genetic variation leads to an increase in the sum of the plasma concentrations of aripiprazole and the active metabolite.</td>\n<td>Administer no more than 10 mg/day or 300 mg/month (68-75% of the normal maximum dose of aripiprazole).</td>\n</tr>\n</tbody>\n</table>\n<p><a download=\"DPWG_CYP2D6_aripiprazole_1541-1542-1543.pdf\" href=\"https://api.pharmgkb.org/v1/download/file/attachment/DPWG_CYP2D6_aripiprazole_1541-1542-1543.pdf\">Read for more information about this recommendation</a>, <a download=\"CYP2D6.pdf\" href=\"https://api.pharmgkb.org/v1/download/file/attachment/CYP2D6.pdf\">Read about gene information from DPWG</a></p>\n<h4 id=\"preemptive-genotyping\">Preemptive genotyping</h4>\n<p>Excerpts from the <a download=\"DPWG_CYP2D6_aripiprazole_1541-1542-1543.pdf\" href=\"https://api.pharmgkb.org/v1/download/file/attachment/DPWG_CYP2D6_aripiprazole_1541-1542-1543.pdf\">DPWG risk analysis document</a> for aripiprazole and CYP2D6:</p>\n<blockquote class=\"blockquote\">\n<p>The KNMP Pharmacogenetics Working Group considers genotyping before starting aripiprazole to be potentially beneficial for prevention of adverse events. Genotyping can be considered on an individual patient basis. If, however, the genotype is available, the KNMP Pharmacogenetics Working Group recommends adhering to the gene-drug guideline.</p>\n</blockquote>\n<p><a href=\"/page/dpwgPreemptiveGenotyping\">Read more about how DPWG assigns their recommendations for preemptive genotyping.</a></p>\n<h3 id=\"2011-guideline\">2011 Guideline</h3>\n<p>The Royal Dutch Pharmacists Association - Pharmacogenetics Working Group (DPWG) has evaluated therapeutic dose recommendations for aripiprazole based on CYP2D6 genotypes [Article:<a href=\"/pmid/21412232\">21412232</a>].  They recommend reducing maximum dose of aripiprazole for patients carrying poor metabolizer alleles of CYP2D6.</p>\n<table class=\"table\">\n<thead>\n<tr>\n<th>Phenotype (Genotype)</th>\n<th>Therapeutic Dose Recommendation</th>\n<th>Level of Evidence</th>\n<th>Clinical Relevance</th>\n</tr>\n</thead>\n<tbody>\n<tr>\n<td>PM (two inactive (*3-*8, *11-*16, *19-*21, *38, *40, *42) alleles)</td>\n<td>Reduce maximum dose to 10 mg/day (67% of the maximum recommended daily dose).</td>\n<td>Published controlled studies of good quality* relating to phenotyped and/or genotyped patients or healthy volunteers, and having relevant pharmacokinetic or clinical endpoints.</td>\n<td>Clinical effect (S): long-standing discomfort (48-168 hr) without permanent injury e.g. failure of therapy with tricyclic antidepressants, atypical antipsychotic drugs; extrapyramidal side effects; parkinsonism; ADE resulting from increased bioavailability of tricyclic antidepressants, metoprolol, propafenone (central effects e.g. dizziness); INR 4.5-6.0; neutropenia 1.0-1.5x109/l; leucopenia 2.0-3.0x109/l; thrombocytopenia 50-75x109/l.</td>\n</tr>\n<tr>\n<td>IM (two decreased-activity (*9, *10, *17, *29, *36, *41) alleles or carrying one active (*1, *2, *33, *35) and one inactive (*3-*8, *11-*16, *19-*21, *38, *40, *42) allele, or carrying one decreased-activity (*9, *10, *17, *29, *36, *41) allele and one inactive (*3-*8, *11-*16, *19-*21, *38, *40, *42) allele)</td>\n<td>No recommendations.</td>\n<td>Published controlled studies of good quality* relating to phenotyped and/or genotyped patients or healthy volunteers, and having relevant pharmacokinetic or clinical endpoints.</td>\n<td>Minor clinical effect (S): QTc prolongation (&lt;450 ms female, &lt;470 ms male); INR increase &lt; 4.5; Kinetic effect (S)</td>\n</tr>\n<tr>\n<td>UM (a gene duplication in absence of inactive (*3-*8, *11-*16, *19-*21, *38, *40, *42) or decreased-activity (*9, *10, *17, *29, *36, *41) alleles)</td>\n<td>No recommendations.</td>\n<td>--</td>\n<td>--</td>\n</tr>\n</tbody>\n</table>\n<ul>\n<li>*See <a href=\"http://www.pharmgkb.org/page/dpwg\">Methods </a> or [Article:<a href=\"/pmid/18253145\">18253145</a>] for definition of &quot;good quality.&quot;</li>\n<li>S: statistically significant difference.</li>\n<li>Please see attached PDF for detailed information about the evaluated studies: <a download=\"aripiprazole_CYP2D6_271111.pdf\" href=\"https://api.pharmgkb.org/v1/download/file/attachment/aripiprazole_CYP2D6_271111.pdf\">Aripiprazole CYP2D6 </a></li>\n</ul>\n",
      "version" : 22
    },
    "version" : 43
  }
}