{
  "citations" : [],
  "guideline" : {
    "objCls" : "Guideline Annotation",
    "id" : "PA166124619",
    "name" : "Annotation of CPIC Guideline for tacrolimus and CYP3A5",
    "alternateDrugAvailable" : false,
    "cancerGenome" : false,
    "crossReferences" : [
      {
        "id" : 1447983514,
        "name" : "CPIC® Guideline for Tacrolimus and CYP3A5 – CPIC",
        "resource" : "URL",
        "resourceId" : "https://cpicpgx.org/guidelines/guideline-for-tacrolimus-and-cyp3a5/",
        "_url" : "https://cpicpgx.org/guidelines/guideline-for-tacrolimus-and-cyp3a5/",
        "version" : 1
      }
    ],
    "descriptiveVideoId" : "OGP4_sQsnBE",
    "dosingInformation" : true,
    "hasTestingInfo" : false,
    "history" : [
      {
        "id" : 1445556716,
        "date" : "2015-08-11T00:00:00-07:00",
        "type" : "Approve",
        "version" : 1
      },
      {
        "id" : 1450043032,
        "date" : "2018-11-20T09:59:29.307-08:00",
        "description" : "Added link to guideline video",
        "type" : "Update",
        "version" : 0
      },
      {
        "id" : 1451115280,
        "date" : "2020-04-21T15:06:37.299-07:00",
        "description" : "Updated link to CYP3A5 gene information tables",
        "type" : "Update",
        "version" : 0
      },
      {
        "id" : 1451461960,
        "date" : "2021-06-16T18:42:48.570-07:00",
        "description" : "Added text from guideline regarding pediatrics",
        "type" : "Update",
        "version" : 0
      },
      {
        "id" : 1452137925,
        "date" : "2023-06-22T22:43:24.079-07:00",
        "description" : "Added supplemental file links",
        "type" : "Update",
        "version" : 0
      }
    ],
    "literature" : [
      {"id":15087045,"title":"Clinical Pharmacogenetics Implementation Consortium (CPIC) Guidelines for CYP3A5 Genotype and Tacrolimus Dosing.","_sameAs":"https://www.ncbi.nlm.nih.gov/pmc/articles/PMC4481158","crossReferences":[{"id":1449295555,"resource":"PubMed Central","resourceId":"PMC4481158","_url":"https://www.ncbi.nlm.nih.gov/pmc/articles/PMC4481158"},{"id":1449295554,"resource":"PubMed","resourceId":"25801146","_url":"https://www.ncbi.nlm.nih.gov/pubmed/25801146"},{"id":1449295556,"resource":"DOI","resourceId":"10.1002/cpt.113","_url":"http://dx.doi.org/10.1002%2Fcpt.113"}],"objCls":"Literature","pubDate":"2015-07-01T00:00:00-07:00","terms":[{"id":1451577480,"resource":"PGx Paper Types","term":"Implementation","termId":"pgxPaperTypes:1451577480"}],"type":"Literature"}
    ],
    "otherPrescribingGuidance" : false,
    "pediatric" : true,
    "recommendation" : true,
    "relatedAlleles" : [],
    "relatedChemicals" : [
      {
        "objCls" : "Chemical",
        "id" : "PA451578",
        "name" : "tacrolimus",
        "version" : 25
      }
    ],
    "relatedGenes" : [
      {
        "objCls" : "Gene",
        "id" : "PA131",
        "symbol" : "CYP3A5",
        "name" : "cytochrome P450 family 3 subfamily A member 5",
        "version" : 7962
      }
    ],
    "source" : "CPIC",
    "summaryMarkdown" : {
      "id" : 1447982329,
      "html" : "<p>The CPIC dosing guideline for tacrolimus recommends increasing the starting dose by 1.5 to 2 times the recommended starting dose in patients who are CYP3A5 intermediate or extensive metabolizers, though total starting dose should not exceed 0.3 mg/kg/day. Therapeutic drug monitoring should also be used to guide dose adjustments.</p>\n",
      "version" : 0
    },
    "terms" : [],
    "textMarkdown" : {
      "id" : 1451433665,
      "html" : "<p>This annotation is based on the <a rel=\"noopener noreferrer\" href=\"https://cpicpgx.org/guidelines/guideline-for-tacrolimus-and-cyp3a5/\" target=\"_blank\">CPIC&reg; guideline for tacrolimus and CYP3A5</a>.</p>\n<h3 id=\"july-2015\">July 2015</h3>\n<p><em>Advanced online publication March 2015</em></p>\n<ul>\n<li>\n<p>Guidelines regarding the use of pharmacogenomic tests in dosing of tacrolimus have been published in Clinical Pharmacology and Therapeutics by the Clinical Pharmacogenetics Implementation Consortium <a rel=\"noopener noreferrer\" href=\"https://cpicpgx.org\" target=\"_blank\">(CPIC)</a>.</p>\n</li>\n<li>\n<p>These guidelines are applicable to:</p>\n<ul>\n<li>Patients undergoing kidney, heart, lung, or hematopoietic stem cell transplant.</li>\n<li>Patients undergoing liver transplant where the donor and recipient <em>CYP3A5</em> genotypes are identical.</li>\n<li>Children: &quot;...for children and adolescents with at least one CYP3A5*1 allele, a 1.5 to 2-fold increase in dose followed by TDM as recommended for adults seems appropriate.&quot;</li>\n</ul>\n</li>\n<li>\n<p>Excerpts from the 2015 tacrolimus dosing guidelines:</p>\n<ul>\n<li>&quot;Blood concentrations of tacrolimus are strongly influenced by <em>CYP3A5</em> genotype, with substantial evidence linking <em>CYP3A5</em> genotype with phenotypic variability...In kidney, heart and lung transplant patients, over 50 studies have found that individuals with the <em>CYP3A5*1/*1</em> or <em>CYP3A5*1/*3</em> genotype have significantly lower dose-adjusted trough concentrations of tacrolimus as compared to those with the <em>CYP3A5*3/*3</em> genotype...&quot;</li>\n<li>&quot;Those recipients with an extensive or intermediate metabolizer phenotype will generally require an increased dose of tacrolimus to achieve therapeutic drug concentrations. We recommend a dose 1.5 - 2 times higher than standard dosing, but not to exceed 0.3 mg/kg/day, followed by [therapeutic drug monitoring] given the risk of arterial vasoconstriction, hypertension and nephrotoxicity that can occur with supratherapeutic tacrolimus concentrations.&quot;</li>\n</ul>\n</li>\n<li>\n<p>Download and read:</p>\n<ul>\n<li><a rel=\"noopener noreferrer\" href=\"https://files.cpicpgx.org/data/guideline/publication/tacrolimus/2015/25801146.pdf\" target=\"_blank\">Clinical Pharmacogenetics Implementation Consortium (CPIC) Guidelines for <em>CYP3A5</em> genotypes and Tacrolimus Dosing</a></li>\n<li><a rel=\"noopener noreferrer\" href=\"https://files.cpicpgx.org/data/guideline/publication/tacrolimus/2015/25801146-supplement.pdf\" target=\"_blank\">2015 Supplement</a></li>\n<li><a href=\"https://www.pharmgkb.org/page/cyp3a5RefMaterials\">CYP3A5 Gene-Specific Information Tables</a></li>\n<li><a rel=\"noopener noreferrer\" href=\"https://files.cpicpgx.org/data/report/current/drug_resource/tacrolimus-Drug_Resource_Mappings.xlsx\" target=\"_blank\">Tacrolimus Drug Resource Mappings</a></li>\n<li><a rel=\"noopener noreferrer\" href=\"https://files.cpicpgx.org/data/report/current/test_alert/tacrolimus_Pre_and_Post_Test_Alerts.xlsx\" target=\"_blank\">Tacrolimus Pre and Post Test Alerts</a></li>\n<li><a rel=\"noopener noreferrer\" href=\"https://files.cpicpgx.org/images/flow_chart/Tacrolimus_CDS_Flow_Chart.jpg\" target=\"_blank\">Tacrolimus Clinical Decision Support Flow Chart</a></li>\n</ul>\n</li>\n</ul>\n<h3 id=\"table-1-dosing-recommendations-for-tacrolimus-based-on-cyp3a5-phenotype\">Table 1: Dosing recommendations for tacrolimus based on CYP3A5 phenotype:</h3>\n<p><em>Adapted from Tables 1 and 2 of the 2015 guideline manuscript.</em></p>\n<table class=\"table\">\n<thead>\n<tr>\n<th>Likely phenotype <sup>a</sup></th>\n<th>Genotypes</th>\n<th>Examples of diplotypes <sup>b</sup></th>\n<th>Implications for tacrolimus pharmacologic measures</th>\n<th>Therapeutic Recommendations <sup>c</sup></th>\n<th>Classification of recommendations <sup>e</sup></th>\n</tr>\n</thead>\n<tbody>\n<tr>\n<td>Extensive metabolizer (CYP3A5 expresser)</td>\n<td>An individual carrying two functional alleles</td>\n<td>*1/*1</td>\n<td>Lower dose-adjusted trough concentrations of tacrolimus and decreased chance of achieving target tacrolimus concentrations</td>\n<td>Increase starting dose 1.5 to 2 times recommended starting dose <sup>d</sup>. Total starting dose should not exceed 0.3mg/kg/day. Use therapeutic drug monitoring to guide dose adjustments</td>\n<td>Strong</td>\n</tr>\n<tr>\n<td>Intermediate metabolizer (CYP3A5 expresser)</td>\n<td>An individual carrying one functional allele and one non-functional allele</td>\n<td>*1/*3, *1/*6, *1/*7</td>\n<td>Lower dose-adjusted trough concentrations of tacrolimus and decreased chance of achieving target tacrolimus concentrations</td>\n<td>Increase starting dose 1.5 to 2 times recommended starting dose <sup>d</sup>. Total starting dose should not exceed 0.3mg/kg/day. Use therapeutic drug monitoring to guide dose adjustments</td>\n<td>Strong</td>\n</tr>\n<tr>\n<td>Poor metabolizer (CYP3A5 non-expresser)</td>\n<td>An individual carrying two non-functional alleles</td>\n<td>*3/*3, *6/*6, *7/*7, *3/*6, *3/*7, *6/*7</td>\n<td>Higher (“normal”) dose-adjusted trough concentrations of tacrolimus and increased chance of achieving target tacrolimus concentrations</td>\n<td>Initiate therapy with standard recommended dose. Use therapeutic drug monitoring to guide dose adjustments</td>\n<td>Strong</td>\n</tr>\n</tbody>\n</table>\n<p><sup>a</sup> Typically with other CYP enzymes, an extensive metabolizer would be classified as a “normal” metabolizer, and therefore, the drug dose would not change based on the patient’s genotype. However, in the case of CYP3A5 and tacrolimus, a CYP3A5 expresser (i.e. CYP3A5 extensive metabolizer or intermediate metabolizer) would require a higher recommended starting dose and the CYP3A5 non-expresser (i.e. poor metabolizer) would require the standard recommended starting dose.</p>\n<p><sup>b</sup> Additional rare variants such as <em>CYP3A5*2, *8</em>, and <em>*9</em> may be found which are of unknown functional significance. However, if a copy of <em>*1</em> is present, expected phenotype would be intermediate metabolizer.</p>\n<p><sup>c</sup> This recommendation includes the use of tacrolimus in kidney, heart, lung and hematopoietic stem cell transplant patients, and liver transplant patients where the donor and recipient genotypes are identical.</p>\n<p><sup>d</sup> Further dose adjustments or selection of alternative therapy may be necessary due to other clinical factors (e.g., medication interactions, or hepatic function)</p>\n<p><sup>e</sup> Rating scheme is described in 2015 Supplement.</p>\n",
      "version" : 1
    },
    "version" : 39
  }
}