{
  "citations" : [
    {
      "id" : 7283333,
      "title" : "Pharmacogenetics: from bench to byte--an update of guidelines.",
      "_sameAs" : "https://www.ncbi.nlm.nih.gov/pubmed/21412232",
      "authors" : [
        "Swen J J",
        "Nijenhuis M",
        "de Boer A",
        "Grandia L",
        "Maitland-van der Zee A H",
        "Mulder H",
        "Rongen G A P J M",
        "van Schaik R H N",
        "Schalekamp T",
        "Touw D J",
        "van der Weide J",
        "Wilffert B",
        "Deneer V H M",
        "Guchelaar H-J"
      ],
      "crossReferences" : [
        {
          "id" : 769250885,
          "resource" : "PubMed",
          "resourceId" : "21412232",
          "_url" : "https://www.ncbi.nlm.nih.gov/pubmed/21412232",
          "version" : 0
        },
        {
          "id" : 1449247827,
          "resource" : "DOI",
          "resourceId" : "10.1038/clpt.2011.34",
          "_url" : "http://dx.doi.org/10.1038%2Fclpt.2011.34",
          "version" : 0
        }
      ],
      "day" : -1,
      "hasKeyword" : true,
      "journal" : "Clinical pharmacology and therapeutics",
      "meshTerms" : [
        "Animals",
        "Aryl Hydrocarbon Hydroxylases",
        "Cytochrome P-450 CYP2C9",
        "Drug Administration Schedule",
        "Drug-Related Side Effects and Adverse Reactions",
        "Humans",
        "Pharmaceutical Preparations",
        "Pharmacogenetics",
        "Practice Guidelines as Topic"
      ],
      "month" : 5,
      "nonHuman" : false,
      "objCls" : "Literature",
      "page" : "662-73",
      "pediatric" : false,
      "pgkbPublication" : false,
      "pubDate" : "2011-05-01T00:00:00-07:00",
      "pubmedMeshTerms" : [],
      "summary" : "Currently, there are very few guidelines linking the results of pharmacogenetic tests to specific therapeutic recommendations. Therefore, the Royal Dutch Association for the Advancement of Pharmacy established the Pharmacogenetics Working Group with the objective of developing pharmacogenetics-based therapeutic (dose) recommendations. After systematic review of the literature, recommendations were developed for 53 drugs associated with genes coding for CYP2D6, CYP2C19, CYP2C9, thiopurine-S-methyltransferase (TPMT), dihydropyrimidine dehydrogenase (DPD), vitamin K epoxide reductase (VKORC1), uridine diphosphate glucuronosyltransferase 1A1 (UGT1A1), HLA-B44, HLA-B*5701, CYP3A5, and factor V Leiden (FVL).",
      "terms" : [],
      "type" : "Literature",
      "version" : 4,
      "volume" : "89",
      "year" : 2011
    }
  ],
  "guideline" : {
    "objCls" : "Guideline Annotation",
    "id" : "PA166104956",
    "name" : "Annotation of DPWG Guideline for clopidogrel and CYP2C19",
    "alternateDrugAvailable" : true,
    "cancerGenome" : false,
    "crossReferences" : [],
    "dosingInformation" : true,
    "hasTestingInfo" : true,
    "history" : [
      {
        "id" : 1183704457,
        "date" : "2011-08-10T00:00:00-07:00",
        "type" : "Create",
        "version" : 0
      },
      {
        "id" : 1450414943,
        "date" : "2019-05-23T10:03:00.679-07:00",
        "description" : "Annotation current with November 2018 DPWG Guideline release",
        "type" : "Update",
        "version" : 0
      },
      {
        "id" : 1450820785,
        "date" : "2019-10-06T22:56:09.726-07:00",
        "description" : "No changes based on August 2019 guideline",
        "type" : "Update",
        "version" : 0
      },
      {
        "id" : 1450956320,
        "date" : "2020-01-31T13:22:59.462-08:00",
        "description" : "Updated link to 2011 DPWG methods",
        "type" : "Update",
        "version" : 0
      },
      {
        "id" : 1450962800,
        "date" : "2020-02-10T10:53:26.394-08:00",
        "description" : "Fixed links to 2018 guideline pdfs.",
        "type" : "Update",
        "version" : 0
      },
      {
        "id" : 1451153015,
        "date" : "2020-06-01T12:32:58.348-07:00",
        "description" : "No changes in the recommendation wording but literature update in the May 2020 guidelines",
        "type" : "Update",
        "version" : 0
      },
      {
        "id" : 1451417530,
        "date" : "2021-04-22T00:00:00-07:00",
        "description" : "Added extended dosing",
        "type" : "Update",
        "version" : 0
      },
      {
        "id" : 1451704205,
        "date" : "2022-03-03T16:33:27.395-08:00",
        "description" : "Annotation current with May 2021 DPWG Guideline release",
        "type" : "Note",
        "version" : 0
      },
      {
        "id" : 1451706300,
        "date" : "2022-03-07T16:14:00.331-08:00",
        "description" : "Added information about preemptive genotyping",
        "type" : "Update",
        "version" : 0
      },
      {
        "id" : 1451732845,
        "date" : "2022-03-28T09:57:41.025-07:00",
        "description" : "Annotation current with February 2022 DPWG guideline release",
        "type" : "Note",
        "version" : 0
      },
      {
        "id" : 1451733304,
        "date" : "2022-03-28T14:36:53.684-07:00",
        "description" : "Updated link to testing guidance page",
        "type" : "Update",
        "version" : 0
      },
      {
        "id" : 1451741490,
        "date" : "2022-04-05T11:12:19.433-07:00",
        "description" : "Added testing guidance tag",
        "type" : "Update",
        "version" : 0
      },
      {
        "id" : 1451884188,
        "date" : "2022-09-16T10:01:03.056-07:00",
        "description" : "Fixed link to gene information document and added explanatory note",
        "type" : "Update",
        "version" : 0
      },
      {
        "id" : 1452091640,
        "date" : "2023-05-05T22:12:14.816-07:00",
        "description" : "Switched the recommendation and implementation for UM",
        "type" : "Update",
        "version" : 0
      },
      {
        "id" : 1452146516,
        "date" : "2023-07-03T13:40:08.033-07:00",
        "description" : "Annotation current with May 2023 DPWG Guideline release",
        "type" : "Note",
        "version" : 0
      },
      {
        "id" : 1452411200,
        "date" : "2024-03-18T09:11:37.113-07:00",
        "description" : "Updated links for risk analysis pdf and preemptive testing page.",
        "type" : "Update",
        "version" : 0
      },
      {
        "id" : 1452413064,
        "date" : "2024-03-19T08:44:11.834-07:00",
        "description" : "Added alternative drug tag and dosing tag.",
        "type" : "Update",
        "version" : 0
      },
      {
        "id" : 1452423480,
        "date" : "2024-03-28T04:22:12.744-07:00",
        "description" : "Added Dosing Info tag",
        "type" : "Update",
        "version" : 0
      }
    ],
    "literature" : [
      {"id":7283333,"title":"Pharmacogenetics: from bench to byte--an update of guidelines.","_sameAs":"https://www.ncbi.nlm.nih.gov/pubmed/21412232","crossReferences":[{"id":769250885,"resource":"PubMed","resourceId":"21412232","_url":"https://www.ncbi.nlm.nih.gov/pubmed/21412232"},{"id":1449247827,"resource":"DOI","resourceId":"10.1038/clpt.2011.34","_url":"http://dx.doi.org/10.1038%2Fclpt.2011.34"}],"objCls":"Literature","pubDate":"2011-05-01T00:00:00-07:00","terms":[],"type":"Literature"},
      {"id":15103288,"title":"Dutch Pharmacogenetics Working Group Guidelines August 2019","_sameAs":"https://api.pharmgkb.org/v1/preview/download/file/attachment/DPWG_August_2019.pdf","crossReferences":[{"id":1450815695,"resource":"URL","resourceId":"https://api.pharmgkb.org/v1/preview/download/file/attachment/DPWG_August_2019.pdf","_url":"https://api.pharmgkb.org/v1/preview/download/file/attachment/DPWG_August_2019.pdf"}],"objCls":"Literature","terms":[],"type":"Literature"},
      {"id":15111722,"title":"Dutch Pharmacogenetics Working Group Guidelines May 2020","_sameAs":"https://www.knmp.nl/downloads/pharmacogenetic-recommendations-may-2020.pdf","crossReferences":[{"id":1451152900,"resource":"URL","resourceId":"https://www.knmp.nl/downloads/pharmacogenetic-recommendations-may-2020.pdf","_url":"https://www.knmp.nl/downloads/pharmacogenetic-recommendations-may-2020.pdf"}],"objCls":"Literature","terms":[],"type":"Literature"},
      {"id":15102465,"title":"Dutch Pharmacogenetics Working Group Guidelines November 2018","_sameAs":"https://api.pharmgkb.org/v1/preview/download/file/attachment/DPWG_November_2018.pdf","crossReferences":[{"id":1450415575,"resource":"URL","resourceId":"https://api.pharmgkb.org/v1/preview/download/file/attachment/DPWG_November_2018.pdf","_url":"https://api.pharmgkb.org/v1/preview/download/file/attachment/DPWG_November_2018.pdf"}],"objCls":"Literature","terms":[],"type":"Literature"}
    ],
    "otherPrescribingGuidance" : false,
    "pediatric" : false,
    "recommendation" : true,
    "relatedAlleles" : [],
    "relatedChemicals" : [
      {
        "objCls" : "Chemical",
        "id" : "PA449053",
        "name" : "clopidogrel",
        "version" : 20
      }
    ],
    "relatedGenes" : [
      {
        "objCls" : "Gene",
        "id" : "PA124",
        "symbol" : "CYP2C19",
        "name" : "cytochrome P450 family 2 subfamily C member 19",
        "version" : 7210
      }
    ],
    "source" : "DPWG",
    "summaryMarkdown" : {
      "id" : 1447981900,
      "html" : "<p>Avoid clopidogrel use in patients who are CYP2C19 poor metabolizers and are undergoing percutaneous coronary intervention, stroke or TIA. For CYP2C19 intermediate metabolizers who are undergoing percutaneous coronary intervention, stroke, or TIA, choose an alternative drug or double the dose to 150 mg/day (600 mg loading dose). No action is required for patients who are CYP2C19 ultra-rapid metabolizers.</p>\n",
      "version" : 1
    },
    "terms" : [],
    "textMarkdown" : {
      "id" : 1447981899,
      "html" : "<p>Read more about how PharmGKB <a href=\"/page/dpwgMapping\">curates DPWG guidelines</a> using extra information provided by DPWG to enable the interactive genotype tool above.</p>\n<h3 id=\"november-2018-update\">November 2018 Update</h3>\n<p>The Royal Dutch Pharmacists Association - Pharmacogenetics Working Group has evaluated therapeutic dose recommendations for clopidogrel based on CYP2C19 genotype. In patients who are undergoing percutaneous coronary intervention, stroke, or TIA, they recommend avoiding clopidogrel use in CYP2C19 poor metabolizers, and choosing an alternative drug or doubling the dose to 150 mg/day (600 mg loading dose) in CYP2C19 intermediate metabolizers. No action is required for CYP2C19 ultrarapid metabolizers.</p>\n<p><em>Wording in table taken from the <a download=\"DPWG_November_2018.pdf\" href=\"https://api.pharmgkb.org/v1/download/file/attachment/DPWG_November_2018.pdf\">Dutch guidelines November 2018 update</a></em></p>\n<table class=\"table\">\n<thead>\n<tr>\n<th>Allele/Genotype/Phenotype</th>\n<th>Drug</th>\n<th>Description</th>\n<th>Recommendation</th>\n</tr>\n</thead>\n<tbody>\n<tr>\n<td>CYP2C19 PM</td>\n<td>clopidogrel</td>\n<td>The risk of serious cardiovascular and cerebrovascular events is increased in patients undergoing balloon angioplasty or stent placement (percutaneous coronary intervention) and in patients with a stroke or TIA, because the genetic variation reduces the activation of clopidogrel. No negative clinical consequences have been proved in other patients.</td>\n<td><strong>PERCUTANEOUS CORONARY INTERVENTION, STROKE or TIA:</strong> avoid clopidogrel. Prasugrel, ticagrelor and acetylsalicylic acid/dipyridamole are not metabolised by CYP2C19 (or to a lesser extent).<br/><strong>OTHER INDICATIONS:</strong> determine the level of inhibition of platelet aggregation by clopidogrel. Consider an alternative in poor responders. Prasugrel and ticagrelor are not metabolised by CYP2C19 (or to a lesser extent).</td>\n</tr>\n<tr>\n<td>CYP2C19 IM</td>\n<td>clopidogrel</td>\n<td>The risk of serious cardiovascular and cerebrovascular events is increased in patients undergoing balloon angioplasty or stent placement (percutaneous coronary intervention) and in patients with a stroke or TIA, as the genetic variation reduces the activation of clopidogrel. No negative clinical consequences have been observed in other patients.</td>\n<td><strong>PERCUTANEOUS CORONARY INTERVENTION, STROKE or TIA</strong>: choose an alternative or double the dose to 150 mg/day (600 mg loading dose). Prasugrel, ticagrelor and acetylsalicylic acid/dipyridamole are not metabolised by CYP2C19 (or to a lesser extent).<br/><strong>OTHER INDICATIONS:</strong> no action required</td>\n</tr>\n<tr>\n<td>CYP2C19 UM</td>\n<td>clopidogrel</td>\n<td>The genetic variation results in increased conversion of clopidogrel to the active metabolite. However, this can result in both positive effects (reduction in the risk of serious cardiovascular and cerebrovascular events) and negative effects (increase in the risk of bleeding).</td>\n<td>NO action is required for this gene-drug interaction</td>\n</tr>\n</tbody>\n</table>\n<p><a download=\"DPWG_CYP2C19_clopidogrel_2548-2549-2550.pdf\" href=\"https://api.pharmgkb.org/v1/download/file/attachment/DPWG_CYP2C19_clopidogrel_2548-2549-2550.pdf\">Read for more information about this recommendation</a>, <a download=\"CYP2C19.pdf\" href=\"https://api.pharmgkb.org/v1/download/file/attachment/CYP2C19.pdf\">Read about gene information from DPWG</a></p>\n<h4 id=\"preemptive-genotyping\">Preemptive genotyping</h4>\n<p>Excerpts from the <a download=\"DPWG_CYP2C19_clopidogrel_2548-2549-2550.pdf\" href=\"https://api.pharmgkb.org/v1/download/file/attachment/DPWG_CYP2C19_clopidogrel_2548-2549-2550.pdf\">DPWG risk analysis document</a> for clopidogrel and CYP2C19:</p>\n<blockquote class=\"blockquote\">\n<p>The Dutch Pharmacogenetics Working Group considers genotyping before starting clopidogrel in percutaneous coronary intervention or stroke patients to be essential for drug efficacy. Genotyping must be performed before drug therapy has been initiated to guide drug and dose selection.</p>\n</blockquote>\n<p><a href=\"/page/dpwgPreemptiveGenotyping\">Read more about how DPWG assigns their recommendations for preemptive genotyping.</a></p>\n<h3 id=\"2011-guideline\">2011 Guideline</h3>\n<p>The Royal Dutch Pharmacists Association - Pharmacogenetics Working Group has evaluated therapeutic dose recommendations for clopidogrel based on the <em>CYP2C19</em> genotype [Article:<a href=\"/pmid/21412232\">21412232</a>].  For the  <em>CYP2C19</em> PM and IM phenotype they conclude an increased risk for reduced response to clopidogrel and recommend to consider an alternative drug. Prasugrel is not or to a much smaller extent metabolized by CYP2C19 but is associated with an increased bleeding risk compared to clopidogrel.</p>\n<table class=\"table\">\n<thead>\n<tr>\n<th>Phenotype (Genotype)</th>\n<th>Therapeutic Dose Recommendation</th>\n<th>Level of Evidence</th>\n<th>Clinical Relevance</th>\n</tr>\n</thead>\n<tbody>\n<tr>\n<td><em>CYP2C19</em> PM (*2/*2, *2/*3, *3/*3)</td>\n<td>Increased risk for reduced response to clopidogrel. Consider alternative drug. Prasugrel is not or to a much smaller extent metabolized by CYP2C19 but is associated with an increased bleeding risk compared to clopidogrel</td>\n<td>Published controlled studies of good quality* relating to phenotyped and/or genotyped patients or healthy volunteers, and having relevant pharmacokinetic or clinical endpoints</td>\n<td>Clinical effect (statistically significant difference): death; arrhythmia; unanticipated myelosuppression</td>\n</tr>\n<tr>\n<td><em>CYP2C19</em> IM (*1/*2, *1/*3, *17/*2, *17/*3)</td>\n<td>Increased risk for reduced response to clopidogrel. Consider alternative drug. Prasugrel is not or to a much smaller extent metabolized by CYP2C19 but is associated with an increased bleeding risk compared to clopidogrel</td>\n<td>Published controlled studies of good quality* relating to phenotyped and/or genotyped patients or healthy volunteers, and having relevant pharmacokinetic or clinical endpoints</td>\n<td>Clinical effect (statistically significant difference): death; arrhythmia; unanticipated myelosuppression</td>\n</tr>\n<tr>\n<td><em>CYP2C19</em> UM (*17/*17)</td>\n<td>None</td>\n<td>Published controlled studies of moderate quality# relating to phenotyped and/or genotyped patients or healthy volunteers, and having relevant pharmacokinetic or clinical endpoints</td>\n<td>Minor clinical effect (statistically significant difference): QTc prolongation (&lt;450 ms female, &lt;470 ms male); international normalized ratio increase &lt; 4.5 Kinetic effect (statistically significant difference)</td>\n</tr>\n</tbody>\n</table>\n<ul>\n<li>*See <a href=\"http://www.pharmgkb.org/page/dpwg\">Methods </a> or [Article:<a href=\"/pmid/18253145\">18253145</a>] for definition of &quot;good quality.&quot;</li>\n<li>#wherever one or more of the &quot;good quality&quot; criteria was missing, the quality of the study was considered to be &quot;moderate&quot;</li>\n</ul>\n",
      "version" : 18
    },
    "version" : 34
  }
}