{
  "citations" : [],
  "guideline" : {
    "objCls" : "Guideline Annotation",
    "id" : "PA166182809",
    "name" : "Annotation of DPWG Guideline for gefitinib and CYP2D6",
    "alternateDrugAvailable" : false,
    "cancerGenome" : false,
    "crossReferences" : [],
    "dosingInformation" : false,
    "hasTestingInfo" : false,
    "history" : [
      {
        "id" : 1450414931,
        "date" : "2019-05-23T00:00:00-07:00",
        "description" : "Annotation current with November 2018 DPWG Guideline release",
        "type" : "Update",
        "version" : 0
      },
      {
        "id" : 1450820663,
        "date" : "2019-10-03T14:33:59.263-07:00",
        "description" : "No changes based on August 2019 guideline",
        "type" : "Note",
        "version" : 0
      },
      {
        "id" : 1450963520,
        "date" : "2020-02-11T06:00:27.787-08:00",
        "description" : "Fixed links to 2018 guideline pdfs.",
        "type" : "Update",
        "version" : 0
      },
      {
        "id" : 1451704247,
        "date" : "2022-03-03T16:33:34.325-08:00",
        "description" : "Annotation current with May 2021 DPWG Guideline release",
        "type" : "Note",
        "version" : 0
      },
      {
        "id" : 1451732887,
        "date" : "2022-03-28T09:57:48.498-07:00",
        "description" : "Annotation current with February 2022 DPWG guideline release",
        "type" : "Note",
        "version" : 0
      },
      {
        "id" : 1451884248,
        "date" : "2022-09-16T10:20:38.712-07:00",
        "description" : "Fixed link to gene information document and added explanatory note",
        "type" : "Update",
        "version" : 0
      },
      {
        "id" : 1452146482,
        "date" : "2023-07-03T13:39:57.047-07:00",
        "description" : "Annotation current with May 2023 DPWG Guideline release",
        "type" : "Note",
        "version" : 0
      },
      {
        "id" : 1452411662,
        "date" : "2024-03-18T11:49:52.688-07:00",
        "description" : "Updated links for risk analysis pdf.",
        "type" : "Update",
        "version" : 0
      },
      {
        "id" : 1452424567,
        "date" : "2024-03-29T11:43:54.018-07:00",
        "description" : "Removed message about gene information document availability.",
        "type" : "Update",
        "version" : 0
      }
    ],
    "literature" : [
      {"id":15103288,"title":"Dutch Pharmacogenetics Working Group Guidelines August 2019","_sameAs":"https://api.pharmgkb.org/v1/preview/download/file/attachment/DPWG_August_2019.pdf","crossReferences":[{"id":1450815695,"resource":"URL","resourceId":"https://api.pharmgkb.org/v1/preview/download/file/attachment/DPWG_August_2019.pdf","_url":"https://api.pharmgkb.org/v1/preview/download/file/attachment/DPWG_August_2019.pdf"}],"objCls":"Literature","terms":[],"type":"Literature"},
      {"id":15102465,"title":"Dutch Pharmacogenetics Working Group Guidelines November 2018","_sameAs":"https://api.pharmgkb.org/v1/preview/download/file/attachment/DPWG_November_2018.pdf","crossReferences":[{"id":1450415575,"resource":"URL","resourceId":"https://api.pharmgkb.org/v1/preview/download/file/attachment/DPWG_November_2018.pdf","_url":"https://api.pharmgkb.org/v1/preview/download/file/attachment/DPWG_November_2018.pdf"}],"objCls":"Literature","terms":[],"type":"Literature"}
    ],
    "otherPrescribingGuidance" : false,
    "pediatric" : false,
    "recommendation" : false,
    "relatedAlleles" : [],
    "relatedChemicals" : [
      {
        "objCls" : "Chemical",
        "id" : "PA131301952",
        "name" : "gefitinib",
        "version" : 18
      }
    ],
    "relatedGenes" : [
      {
        "objCls" : "Gene",
        "id" : "PA128",
        "symbol" : "CYP2D6",
        "name" : "cytochrome P450 family 2 subfamily D member 6",
        "version" : 7891
      }
    ],
    "source" : "DPWG",
    "summaryMarkdown" : {
      "id" : 1450414927,
      "html" : "<p>There are currently no dosing recommendations for gefitinib based on CYP2D6 genotype.</p>\n",
      "version" : 0
    },
    "terms" : [],
    "textMarkdown" : {
      "id" : 1450414928,
      "html" : "<h3 id=\"november-2018-guideline\">November 2018 Guideline</h3>\n<p>The Royal Dutch Pharmacists Association - Pharmacogenetics Working Group has evaluated therapeutic dose recommendations for gefitinib based on CYP2D6 genotypes. They conclude that NO action is required for this gene-drug interaction.</p>\n<p><em>Wording in table taken from the <a download=\"DPWG_November_2018.pdf\" href=\"https://api.pharmgkb.org/v1/download/file/attachment/DPWG_November_2018.pdf\">Dutch guidelines November 2018 update</a></em></p>\n<table class=\"table\">\n<thead>\n<tr>\n<th>ALLELE/GENOTYPE/PHENOTYPE</th>\n<th>DRUG</th>\n<th>DESCRIPTION</th>\n<th>RECOMMENDATION</th>\n</tr>\n</thead>\n<tbody>\n<tr>\n<td>CYP2D6 PM</td>\n<td>gefitinib</td>\n<td>The gefitinib plasma concentration may increase due to reduced CYP2D6 activity. However, there is no evidence to suggest that side effects increase to an extent that adjustment of therapy is needed.</td>\n<td>NO action is needed</td>\n</tr>\n<tr>\n<td>CYP2D6 IM</td>\n<td>gefitinib</td>\n<td>Side effects can occur more frequently, as the gene variation increases the gefitinib plasma concentration. However, the side effects are reversible and manageable, to an extent that adjustment of the therapy in advance is not necessary.</td>\n<td>NO action is needed</td>\n</tr>\n<tr>\n<td>CYP2D6 UM</td>\n<td>gefitinib</td>\n<td>The gene variation may lead to a decrease in the gefitinib plasma concentration. In practice, an alternative is only chosen if non-response to gefitinib has been proved. Moreover, dose adjustments guided by the gefitinib plasma concentration are rarely performed in clinical practice as the analytical method is not available in most hospitals.</td>\n<td>NO action is needed</td>\n</tr>\n</tbody>\n</table>\n<p><a download=\"DPWG_CYP2D6_gefitinib_4871-4872-4873.pdf\" href=\"https://api.pharmgkb.org/v1/download/file/attachment/DPWG_CYP2D6_gefitinib_4871-4872-4873.pdf\">Read for more information about this recommendation</a>, <a download=\"CYP2D6.pdf\" href=\"https://api.pharmgkb.org/v1/download/file/attachment/CYP2D6.pdf\">Read about gene information from DPWG</a></p>\n",
      "version" : 5
    },
    "version" : 8
  }
}