{
  "citations" : [],
  "guideline" : {
    "objCls" : "Guideline Annotation",
    "id" : "PA166182852",
    "name" : "Annotation of DPWG Guideline for fluoxetine and CYP2D6",
    "alternateDrugAvailable" : false,
    "cancerGenome" : false,
    "crossReferences" : [],
    "dosingInformation" : false,
    "hasTestingInfo" : false,
    "history" : [
      {
        "id" : 1450415331,
        "date" : "2019-05-28T00:00:00-07:00",
        "description" : "Annotation current with November 2018 DPWG Guideline release",
        "type" : "Create",
        "version" : 0
      },
      {
        "id" : 1450820648,
        "date" : "2019-10-03T13:58:34.213-07:00",
        "description" : "Changes based on August 2019 guideline",
        "type" : "Update",
        "version" : 0
      },
      {
        "id" : 1450963500,
        "date" : "2020-02-11T05:45:35.594-08:00",
        "description" : "Fixed links to 2019 guideline pdfs. 2018 link already went to attachment.",
        "type" : "Update",
        "version" : 0
      },
      {
        "id" : 1451632841,
        "date" : "2022-01-03T15:02:14.827-08:00",
        "description" : "Added DPWG SSRI guideline publication.",
        "type" : "Update",
        "version" : 0
      },
      {
        "id" : 1451704183,
        "date" : "2022-03-03T16:33:23.093-08:00",
        "description" : "Annotation current with May 2021 DPWG Guideline release",
        "type" : "Note",
        "version" : 0
      },
      {
        "id" : 1451732823,
        "date" : "2022-03-28T09:57:36.749-07:00",
        "description" : "Annotation current with February 2022 DPWG guideline release",
        "type" : "Note",
        "version" : 0
      },
      {
        "id" : 1451884242,
        "date" : "2022-09-16T10:13:58.541-07:00",
        "description" : "Fixed link to gene information document and added explanatory note",
        "type" : "Update",
        "version" : 0
      },
      {
        "id" : 1452146447,
        "date" : "2023-07-03T13:39:46.621-07:00",
        "description" : "Annotation current with May 2023 DPWG Guideline release",
        "type" : "Note",
        "version" : 0
      },
      {
        "id" : 1452411790,
        "date" : "2024-03-18T12:06:50.767-07:00",
        "description" : "Updated links for risk analysis pdf.",
        "type" : "Update",
        "version" : 0
      },
      {
        "id" : 1452424580,
        "date" : "2024-03-29T11:41:57.662-07:00",
        "description" : "Removed message about gene information document availability.",
        "type" : "Update",
        "version" : 0
      }
    ],
    "literature" : [
      {"id":15126562,"title":"Dutch Pharmacogenetics Working Group (DPWG) guideline for the gene-drug interaction between CYP2C19 and CYP2D6 and SSRIs.","_sameAs":"https://www.ncbi.nlm.nih.gov/pmc/articles/PMC9553948","crossReferences":[{"id":1452680280,"resource":"PubMed Central","resourceId":"PMC9553948","_url":"https://www.ncbi.nlm.nih.gov/pmc/articles/PMC9553948"},{"id":1451632760,"resource":"PubMed","resourceId":"34782755","_url":"https://www.ncbi.nlm.nih.gov/pubmed/34782755"},{"id":1451632761,"resource":"DOI","resourceId":"10.1038/s41431-021-01004-7","_url":"http://dx.doi.org/10.1038%2Fs41431-021-01004-7"}],"objCls":"Literature","pubDate":"2022-10-01T00:00:00-07:00","terms":[{"id":1451577480,"resource":"PGx Paper Types","term":"Implementation","termId":"pgxPaperTypes:1451577480"}],"type":"Literature"},
      {"id":15103288,"title":"Dutch Pharmacogenetics Working Group Guidelines August 2019","_sameAs":"https://api.pharmgkb.org/v1/preview/download/file/attachment/DPWG_August_2019.pdf","crossReferences":[{"id":1450815695,"resource":"URL","resourceId":"https://api.pharmgkb.org/v1/preview/download/file/attachment/DPWG_August_2019.pdf","_url":"https://api.pharmgkb.org/v1/preview/download/file/attachment/DPWG_August_2019.pdf"}],"objCls":"Literature","terms":[],"type":"Literature"},
      {"id":15102465,"title":"Dutch Pharmacogenetics Working Group Guidelines November 2018","_sameAs":"https://api.pharmgkb.org/v1/preview/download/file/attachment/DPWG_November_2018.pdf","crossReferences":[{"id":1450415575,"resource":"URL","resourceId":"https://api.pharmgkb.org/v1/preview/download/file/attachment/DPWG_November_2018.pdf","_url":"https://api.pharmgkb.org/v1/preview/download/file/attachment/DPWG_November_2018.pdf"}],"objCls":"Literature","terms":[],"type":"Literature"}
    ],
    "otherPrescribingGuidance" : false,
    "pediatric" : false,
    "recommendation" : false,
    "relatedAlleles" : [],
    "relatedChemicals" : [
      {
        "objCls" : "Chemical",
        "id" : "PA449673",
        "name" : "fluoxetine",
        "version" : 19
      }
    ],
    "relatedGenes" : [
      {
        "objCls" : "Gene",
        "id" : "PA128",
        "symbol" : "CYP2D6",
        "name" : "cytochrome P450 family 2 subfamily D member 6",
        "version" : 7891
      }
    ],
    "source" : "DPWG",
    "summaryMarkdown" : {
      "id" : 1450415329,
      "html" : "<p>There are currently no dosing recommendations for fluoxetine based on CYP2D6 genotype.</p>\n",
      "version" : 0
    },
    "terms" : [],
    "textMarkdown" : {
      "id" : 1450415330,
      "html" : "<h3 id=\"dutch-pharmacogenetics-working-group-dpwg-guideline-for-the-gene-drug-interaction-between-cyp2c19-and-cyp2d6-and-ssris-european-journal-of-human-genetics-2021\">Dutch Pharmacogenetics Working Group (DPWG) guideline for the gene-drug interaction between CYP2C19 and CYP2D6 and SSRIs. European journal of human genetics (2021)</h3>\n<p>The Royal Dutch Pharmacists Association - Pharmacogenetics Working Group published a paper which reiterates that no action is required for the interaction between fluoxetine and CYP2D6 [Article:<a href=\"/pmid/34782755\">34782755</a>].</p>\n<h3 id=\"august-2019-guideline\">August 2019 Guideline</h3>\n<p>The Royal Dutch Pharmacists Association - Pharmacogenetics Working Group (DPWG) has evaluated therapeutic dose recommendations for fluoxetine based on CYP2D6 genotype. There are currently no dosing recommendations for fluoxetine based on CYP2D6 genotype.\n<em>Wording in table taken from the <a download=\"DPWG_August_2019.pdf\" href=\"https://api.pharmgkb.org/v1/download/file/attachment/DPWG_August_2019.pdf\">Dutch guidelines August 2019 update</a>.</em></p>\n<table class=\"table\">\n<thead>\n<tr>\n<th>Allele/Genotype/Phenotype</th>\n<th>Drug</th>\n<th>Description</th>\n<th>Recommendation</th>\n</tr>\n</thead>\n<tbody>\n<tr>\n<td>CYP2D6 UM</td>\n<td>fluoxetine</td>\n<td>The ratio of fluoxetine/norfluoxetine decreases as a result of the increased activity of CYP2D6. However, this does not affect the sum of the plasma concentrations of the active substances (fluoxetine and norfluoxetine). There is no effect on adverse events or response.</td>\n<td>NO action is needed for this gene-drug interaction.</td>\n</tr>\n<tr>\n<td>CYP2D6 IM</td>\n<td>fluoxetine</td>\n<td>The ratio of fluoxetine/norfluoxetine increases as a result of the reduced activity of CYP2D6. However, this does not affect the sum of the plasma concentrations of the active substances (fluoxetine and norfluoxetine). There is no effect on adverse events or response.</td>\n<td>NO action is needed for this gene-drug interaction.</td>\n</tr>\n<tr>\n<td>CYP2D6 PM</td>\n<td>fluoxetine</td>\n<td>The ratio of fluoxetine/norfluoxetine increases as a result of the reduced activity of CYP2D6. However, this does not affect the sum of the plasma concentrations of the active substances (fluoxetine and norfluoxetine). There is insufficient evidence to support an effect on adverse events or response.</td>\n<td>NO action is needed for this gene-drug interaction.</td>\n</tr>\n</tbody>\n</table>\n<p><a download=\"DPWG_CYP2D6_fluoxetine_5996-5997-5998.pdf\" href=\"https://api.pharmgkb.org/v1/download/file/attachment/DPWG_CYP2D6_fluoxetine_5996-5997-5998.pdf\">Read for more information about this recommendation</a>, <a download=\"CYP2D6.pdf\" href=\"https://api.pharmgkb.org/v1/download/file/attachment/CYP2D6.pdf\">Read about gene information from DPWG</a></p>\n<h3 id=\"november-2018-guideline\">November 2018 Guideline</h3>\n<p>The Royal Dutch Pharmacists Association - Pharmacogenetics Working Group (DPWG) has evaluated therapeutic dose recommendations for fluoxetine based on CYP2D6 genotype. There are currently no dosing recommendations for fluoxetine based on CYP2D6 genotype.\n<em>Wording in table taken from the <a download=\"DPWG_November_2018.pdf\" href=\"https://api.pharmgkb.org/v1/download/file/attachment/DPWG_November_2018.pdf\">Dutch guidelines November 2018 update</a>.</em></p>\n<table class=\"table\">\n<thead>\n<tr>\n<th>Allele/Genotype/Phenotype</th>\n<th>Drug</th>\n<th>Description</th>\n<th>Recommendation</th>\n</tr>\n</thead>\n<tbody>\n<tr>\n<td>CYP2D6 IM</td>\n<td>fluoxetine</td>\n<td>The ratio of fluoxetine/norfluoxetine increases as a result of the reduced activity of CYP2D6. However, this does not affect the sum of the plasma concentrations of the active substances (fluoxetine and norfluoxetine). There is no effect on adverse events or response.</td>\n<td>NO action is needed for this gene-drug interaction.</td>\n</tr>\n<tr>\n<td>CYP2D6 PM</td>\n<td>fluoxetine</td>\n<td>The ratio of fluoxetine/norfluoxetine increases as a result of the reduced activity of CYP2D6. However, this does not affect the sum of the plasma concentrations of the active substances (fluoxetine and norfluoxetine). There is insufficient evidence to support an effect on adverse events or response.</td>\n<td>NO action is needed for this gene-drug interaction.</td>\n</tr>\n</tbody>\n</table>\n",
      "version" : 6
    },
    "version" : 9
  }
}