{
  "citations" : [],
  "guideline" : {
    "objCls" : "Guideline Annotation",
    "id" : "PA166109594",
    "name" : "Annotation of CPIC Guideline for capecitabine and DPYD",
    "alternateDrugAvailable" : true,
    "cancerGenome" : false,
    "crossReferences" : [
      {
        "id" : 1447983463,
        "name" : "CPIC® Guideline for Fluoropyrimidines and DPYD – CPIC",
        "resource" : "URL",
        "resourceId" : "https://cpicpgx.org/guidelines/guideline-for-fluoropyrimidines-and-dpyd/",
        "_url" : "https://cpicpgx.org/guidelines/guideline-for-fluoropyrimidines-and-dpyd/",
        "version" : 1
      }
    ],
    "descriptiveVideoId" : "2wB2l4W9x8s",
    "dosingInformation" : true,
    "hasTestingInfo" : false,
    "history" : [
      {
        "id" : 1183699767,
        "date" : "2013-08-29T00:00:00-07:00",
        "type" : "Create",
        "version" : 0
      },
      {
        "id" : 1184511811,
        "date" : "2014-07-30T00:00:00-07:00",
        "description" : "created individual pages for tegafur and fluorouracil and took those drugs off of this guideline",
        "type" : "Update",
        "version" : 1
      },
      {
        "id" : 1184511804,
        "date" : "2014-07-30T00:00:00-07:00",
        "type" : "Update",
        "version" : 0
      },
      {
        "id" : 1184513259,
        "date" : "2014-08-06T00:00:00-07:00",
        "description" : "updated extended dosing guidelines to include *4, *5, *6, *9A",
        "type" : "Update",
        "version" : 1
      },
      {
        "id" : 1448604657,
        "date" : "2017-03-15T16:18:19.550-07:00",
        "description" : "Updated extended dosing guidelines",
        "type" : "Update",
        "version" : 0
      },
      {
        "id" : 1449140388,
        "date" : "2017-11-13T10:52:33.972-08:00",
        "type" : "Update",
        "version" : 0
      },
      {
        "id" : 1451359940,
        "date" : "2021-03-19T07:55:07.538-07:00",
        "description" : "Correction of IM dosing recommendations",
        "type" : "Update",
        "version" : 0
      },
      {
        "id" : 1452088240,
        "date" : "2023-05-02T15:32:18.599-07:00",
        "description" : "Updated links to the capecitabine pre and post test alerts file and pre and post test flow chart",
        "type" : "Update",
        "version" : 0
      },
      {
        "id" : 1452137900,
        "date" : "2023-06-22T22:29:41.910-07:00",
        "description" : "Updated supplemental table links",
        "type" : "Update",
        "version" : 0
      },
      {
        "id" : 1452350179,
        "date" : "2024-01-12T20:48:03.986-08:00",
        "description" : "added January 2024 update",
        "type" : "Update",
        "version" : 0
      }
    ],
    "literature" : [
      {"id":15099812,"title":"Clinical Pharmacogenetics Implementation Consortium (CPIC) Guideline for Dihydropyrimidine Dehydrogenase Genotype and Fluoropyrimidine Dosing: 2017 Update.","_sameAs":"https://www.ncbi.nlm.nih.gov/pmc/articles/PMC5760397","crossReferences":[{"id":1449285368,"resource":"PubMed Central","resourceId":"PMC5760397","_url":"https://www.ncbi.nlm.nih.gov/pmc/articles/PMC5760397"},{"id":1449285367,"resource":"PubMed","resourceId":"29152729","_url":"https://www.ncbi.nlm.nih.gov/pubmed/29152729"},{"id":1449285369,"resource":"DOI","resourceId":"10.1002/cpt.911","_url":"http://dx.doi.org/10.1002%2Fcpt.911"}],"objCls":"Literature","pubDate":"2018-02-01T00:00:00-08:00","terms":[{"id":1451577480,"resource":"PGx Paper Types","term":"Implementation","termId":"pgxPaperTypes:1451577480"}],"type":"Literature"},
      {"id":15062135,"title":"Clinical Pharmacogenetics Implementation Consortium guidelines for dihydropyrimidine dehydrogenase genotype and fluoropyrimidine dosing.","_sameAs":"https://www.ncbi.nlm.nih.gov/pmc/articles/PMC3831181","crossReferences":[{"id":1449277398,"resource":"PubMed Central","resourceId":"PMC3831181","_url":"https://www.ncbi.nlm.nih.gov/pmc/articles/PMC3831181"},{"id":1449277397,"resource":"PubMed","resourceId":"23988873","_url":"https://www.ncbi.nlm.nih.gov/pubmed/23988873"},{"id":1449277399,"resource":"DOI","resourceId":"10.1038/clpt.2013.172","_url":"http://dx.doi.org/10.1038%2Fclpt.2013.172"}],"objCls":"Literature","pubDate":"2013-12-01T00:00:00-08:00","terms":[{"id":1451577480,"resource":"PGx Paper Types","term":"Implementation","termId":"pgxPaperTypes:1451577480"}],"type":"Literature"}
    ],
    "otherPrescribingGuidance" : false,
    "pediatric" : true,
    "pediatricMarkdown" : {
      "id" : 1451266780,
      "html" : "<p>Guideline excerpt: &quot;At the time of this writing, data on the possible role of DPYD genetic variation in 5-fluorouracil toxicity in pediatric patient populations are extremely scarce; however, there is no evidence to suggest that 5-fluorouracil pharmacokinetics differ from adult patients and thus no evidence that DPYD variants would affect 5-fluorouracil metabolism differently in children.&quot;</p>\n",
      "version" : 0
    },
    "recommendation" : true,
    "relatedAlleles" : [
      {
        "objCls" : "Haplotype",
        "id" : "PA166171120",
        "symbol" : "DPYD c.1129-5923C>G, c.1236G>A (HapB3)",
        "name" : "c.1129-5923C>G, c.1236G>A (HapB3)",
        "version" : 17
      },
      {
        "objCls" : "Variant",
        "id" : "PA166153916",
        "symbol" : "rs111858276",
        "name" : "rs111858276",
        "version" : 3
      },
      {
        "objCls" : "Variant",
        "id" : "PA166153917",
        "symbol" : "rs112766203",
        "name" : "rs112766203",
        "version" : 4
      },
      {
        "objCls" : "Variant",
        "id" : "PA166153918",
        "symbol" : "rs114096998",
        "name" : "rs114096998",
        "version" : 4
      },
      {
        "objCls" : "Variant",
        "id" : "PA166153919",
        "symbol" : "rs115232898",
        "name" : "rs115232898",
        "version" : 5
      },
      {
        "objCls" : "Variant",
        "id" : "PA166153921",
        "symbol" : "rs137999090",
        "name" : "rs137999090",
        "version" : 4
      },
      {
        "objCls" : "Variant",
        "id" : "PA166159783",
        "symbol" : "rs138391898",
        "name" : "rs138391898",
        "version" : 4
      },
      {
        "objCls" : "Variant",
        "id" : "PA166159790",
        "symbol" : "rs138545885",
        "name" : "rs138545885",
        "version" : 4
      },
      {
        "objCls" : "Variant",
        "id" : "PA166153922",
        "symbol" : "rs138616379",
        "name" : "rs138616379",
        "version" : 4
      },
      {
        "objCls" : "Variant",
        "id" : "PA166159799",
        "symbol" : "rs139459586",
        "name" : "rs139459586",
        "version" : 4
      },
      {
        "objCls" : "Variant",
        "id" : "PA166159771",
        "symbol" : "rs139834141",
        "name" : "rs139834141",
        "version" : 3
      },
      {
        "objCls" : "Variant",
        "id" : "PA166159801",
        "symbol" : "rs140114515",
        "name" : "rs140114515",
        "version" : 4
      },
      {
        "objCls" : "Variant",
        "id" : "PA166159777",
        "symbol" : "rs140602333",
        "name" : "rs140602333",
        "version" : 4
      },
      {
        "objCls" : "Variant",
        "id" : "PA166153923",
        "symbol" : "rs141044036",
        "name" : "rs141044036",
        "version" : 4
      },
      {
        "objCls" : "Variant",
        "id" : "PA166159769",
        "symbol" : "rs141462178",
        "name" : "rs141462178",
        "version" : 4
      },
      {
        "objCls" : "Variant",
        "id" : "PA166159779",
        "symbol" : "rs142512579",
        "name" : "rs142512579",
        "version" : 4
      },
      {
        "objCls" : "Variant",
        "id" : "PA166159786",
        "symbol" : "rs142619737",
        "name" : "rs142619737",
        "version" : 4
      },
      {
        "objCls" : "Variant",
        "id" : "PA166153925",
        "symbol" : "rs143154602",
        "name" : "rs143154602",
        "version" : 4
      },
      {
        "objCls" : "Variant",
        "id" : "PA166159776",
        "symbol" : "rs143815742",
        "name" : "rs143815742",
        "version" : 4
      },
      {
        "objCls" : "Variant",
        "id" : "PA166159781",
        "symbol" : "rs144395748",
        "name" : "rs144395748",
        "version" : 4
      },
      {
        "objCls" : "Variant",
        "id" : "PA166159773",
        "symbol" : "rs145112791",
        "name" : "rs145112791",
        "version" : 4
      },
      {
        "objCls" : "Variant",
        "id" : "PA166159797",
        "symbol" : "rs145529148",
        "name" : "rs145529148",
        "version" : 4
      },
      {
        "objCls" : "Variant",
        "id" : "PA166159791",
        "symbol" : "rs145548112",
        "name" : "rs145548112",
        "version" : 4
      },
      {
        "objCls" : "Variant",
        "id" : "PA166153927",
        "symbol" : "rs145773863",
        "name" : "rs145773863",
        "version" : 4
      },
      {
        "objCls" : "Variant",
        "id" : "PA166153928",
        "symbol" : "rs146356975",
        "name" : "rs146356975",
        "version" : 4
      },
      {
        "objCls" : "Variant",
        "id" : "PA166159792",
        "symbol" : "rs146529561",
        "name" : "rs146529561",
        "version" : 4
      },
      {
        "objCls" : "Variant",
        "id" : "PA166153929",
        "symbol" : "rs147545709",
        "name" : "rs147545709",
        "version" : 4
      },
      {
        "objCls" : "Variant",
        "id" : "PA166153930",
        "symbol" : "rs147601618",
        "name" : "rs147601618",
        "version" : 4
      },
      {
        "objCls" : "Variant",
        "id" : "PA166159802",
        "symbol" : "rs148799944",
        "name" : "rs148799944",
        "version" : 4
      },
      {
        "objCls" : "Variant",
        "id" : "PA166159784",
        "symbol" : "rs148994843",
        "name" : "rs148994843",
        "version" : 4
      },
      {
        "objCls" : "Variant",
        "id" : "PA166159767",
        "symbol" : "rs150036960",
        "name" : "rs150036960",
        "version" : 4
      },
      {
        "objCls" : "Variant",
        "id" : "PA166159768",
        "symbol" : "rs150385342",
        "name" : "rs150385342",
        "version" : 4
      },
      {
        "objCls" : "Variant",
        "id" : "PA166159772",
        "symbol" : "rs150437414",
        "name" : "rs150437414",
        "version" : 4
      },
      {
        "objCls" : "Variant",
        "id" : "PA166153874",
        "symbol" : "rs17376848",
        "name" : "rs17376848",
        "version" : 4
      },
      {
        "objCls" : "Variant",
        "id" : "PA166153645",
        "symbol" : "rs1801158",
        "name" : "rs1801158",
        "version" : 6
      },
      {
        "objCls" : "Variant",
        "id" : "PA166153646",
        "symbol" : "rs1801159",
        "name" : "rs1801159",
        "version" : 6
      },
      {
        "objCls" : "Variant",
        "id" : "PA166153647",
        "symbol" : "rs1801160",
        "name" : "rs1801160",
        "version" : 6
      },
      {
        "objCls" : "Variant",
        "id" : "PA166153648",
        "symbol" : "rs1801265",
        "name" : "rs1801265",
        "version" : 8
      },
      {
        "objCls" : "Variant",
        "id" : "PA166153649",
        "symbol" : "rs1801266",
        "name" : "rs1801266",
        "version" : 8
      },
      {
        "objCls" : "Variant",
        "id" : "PA166153650",
        "symbol" : "rs1801267",
        "name" : "rs1801267",
        "version" : 6
      },
      {
        "objCls" : "Variant",
        "id" : "PA166153651",
        "symbol" : "rs1801268",
        "name" : "rs1801268",
        "version" : 7
      },
      {
        "objCls" : "Variant",
        "id" : "PA166153932",
        "symbol" : "rs183385770",
        "name" : "rs183385770",
        "version" : 4
      },
      {
        "objCls" : "Variant",
        "id" : "PA166153933",
        "symbol" : "rs186169810",
        "name" : "rs186169810",
        "version" : 4
      },
      {
        "objCls" : "Variant",
        "id" : "PA166159785",
        "symbol" : "rs190951787",
        "name" : "rs190951787",
        "version" : 5
      },
      {
        "objCls" : "Variant",
        "id" : "PA166159782",
        "symbol" : "rs199549923",
        "name" : "rs199549923",
        "version" : 5
      },
      {
        "objCls" : "Variant",
        "id" : "PA166159794",
        "symbol" : "rs199634007",
        "name" : "rs199634007",
        "version" : 4
      },
      {
        "objCls" : "Variant",
        "id" : "PA166159778",
        "symbol" : "rs200064537",
        "name" : "rs200064537",
        "version" : 4
      },
      {
        "objCls" : "Variant",
        "id" : "PA166159770",
        "symbol" : "rs200562975",
        "name" : "rs200562975",
        "version" : 4
      },
      {
        "objCls" : "Variant",
        "id" : "PA166153936",
        "symbol" : "rs200687447",
        "name" : "rs200687447",
        "version" : 4
      },
      {
        "objCls" : "Variant",
        "id" : "PA166159774",
        "symbol" : "rs201018345",
        "name" : "rs201018345",
        "version" : 4
      },
      {
        "objCls" : "Variant",
        "id" : "PA166159796",
        "symbol" : "rs201035051",
        "name" : "rs201035051",
        "version" : 5
      },
      {
        "objCls" : "Variant",
        "id" : "PA166159787",
        "symbol" : "rs201615754",
        "name" : "rs201615754",
        "version" : 4
      },
      {
        "objCls" : "Variant",
        "id" : "PA166159800",
        "symbol" : "rs202144771",
        "name" : "rs202144771",
        "version" : 4
      },
      {
        "objCls" : "Variant",
        "id" : "PA166153696",
        "symbol" : "rs2297595",
        "name" : "rs2297595",
        "version" : 4
      },
      {
        "objCls" : "Variant",
        "id" : "PA166159788",
        "symbol" : "rs3918289",
        "name" : "rs3918289",
        "version" : 4
      },
      {
        "objCls" : "Variant",
        "id" : "PA166153760",
        "symbol" : "rs3918290",
        "name" : "rs3918290",
        "version" : 6
      },
      {
        "objCls" : "Variant",
        "id" : "PA166153885",
        "symbol" : "rs45589337",
        "name" : "rs45589337",
        "version" : 4
      },
      {
        "objCls" : "Variant",
        "id" : "PA166153886",
        "symbol" : "rs55674432",
        "name" : "rs55674432",
        "version" : 4
      },
      {
        "objCls" : "Variant",
        "id" : "PA166153888",
        "symbol" : "rs55886062",
        "name" : "rs55886062",
        "version" : 5
      },
      {
        "objCls" : "Variant",
        "id" : "PA166159789",
        "symbol" : "rs55971861",
        "name" : "rs55971861",
        "version" : 4
      },
      {
        "objCls" : "Variant",
        "id" : "PA166179517",
        "symbol" : "rs56005131",
        "name" : "rs56005131",
        "version" : 4
      },
      {
        "objCls" : "Variant",
        "id" : "PA166192823",
        "symbol" : "rs57918000",
        "name" : "rs57918000",
        "version" : 4
      },
      {
        "objCls" : "Variant",
        "id" : "PA166153891",
        "symbol" : "rs59086055",
        "name" : "rs59086055",
        "version" : 4
      },
      {
        "objCls" : "Variant",
        "id" : "PA166153892",
        "symbol" : "rs60139309",
        "name" : "rs60139309",
        "version" : 5
      },
      {
        "objCls" : "Variant",
        "id" : "PA166159793",
        "symbol" : "rs60511679",
        "name" : "rs60511679",
        "version" : 4
      },
      {
        "objCls" : "Variant",
        "id" : "PA166159638",
        "symbol" : "rs61622928",
        "name" : "rs61622928",
        "version" : 4
      },
      {
        "objCls" : "Variant",
        "id" : "PA166192821",
        "symbol" : "rs6670886",
        "name" : "rs6670886",
        "version" : 4
      },
      {
        "objCls" : "Variant",
        "id" : "PA166153895",
        "symbol" : "rs67376798",
        "name" : "rs67376798",
        "version" : 5
      },
      {
        "objCls" : "Variant",
        "id" : "PA166153896",
        "symbol" : "rs72547601",
        "name" : "rs72547601",
        "version" : 6
      },
      {
        "objCls" : "Variant",
        "id" : "PA166159798",
        "symbol" : "rs72547602",
        "name" : "rs72547602",
        "version" : 6
      },
      {
        "objCls" : "Variant",
        "id" : "PA166153897",
        "symbol" : "rs72549303",
        "name" : "rs72549303",
        "version" : 8
      },
      {
        "objCls" : "Variant",
        "id" : "PA166153898",
        "symbol" : "rs72549304",
        "name" : "rs72549304",
        "version" : 6
      },
      {
        "objCls" : "Variant",
        "id" : "PA166159775",
        "symbol" : "rs72549305",
        "name" : "rs72549305",
        "version" : 7
      },
      {
        "objCls" : "Variant",
        "id" : "PA166153899",
        "symbol" : "rs72549306",
        "name" : "rs72549306",
        "version" : 7
      },
      {
        "objCls" : "Variant",
        "id" : "PA166153900",
        "symbol" : "rs72549307",
        "name" : "rs72549307",
        "version" : 6
      },
      {
        "objCls" : "Variant",
        "id" : "PA166153901",
        "symbol" : "rs72549308",
        "name" : "rs72549308",
        "version" : 6
      },
      {
        "objCls" : "Variant",
        "id" : "PA166153902",
        "symbol" : "rs72549309",
        "name" : "rs72549309",
        "version" : 9
      },
      {
        "objCls" : "Variant",
        "id" : "PA166159712",
        "symbol" : "rs72549310",
        "name" : "rs72549310",
        "version" : 7
      },
      {
        "objCls" : "Variant",
        "id" : "PA166159780",
        "symbol" : "rs72975710",
        "name" : "rs72975710",
        "version" : 4
      },
      {
        "objCls" : "Variant",
        "id" : "PA166192822",
        "symbol" : "rs764666241",
        "name" : "rs764666241",
        "version" : 4
      },
      {
        "objCls" : "Variant",
        "id" : "PA166153913",
        "symbol" : "rs78060119",
        "name" : "rs78060119",
        "version" : 5
      },
      {
        "objCls" : "Variant",
        "id" : "PA166153914",
        "symbol" : "rs80081766",
        "name" : "rs80081766",
        "version" : 5
      }
    ],
    "relatedChemicals" : [
      {
        "objCls" : "Chemical",
        "id" : "PA448771",
        "name" : "capecitabine",
        "version" : 21
      }
    ],
    "relatedGenes" : [
      {
        "objCls" : "Gene",
        "id" : "PA145",
        "symbol" : "DPYD",
        "name" : "dihydropyrimidine dehydrogenase",
        "version" : 6908
      }
    ],
    "source" : "CPIC",
    "summaryMarkdown" : {
      "id" : 1450180199,
      "html" : "<p>The CPIC Dosing Guideline for 5-fluorouracil and capecitabine recommends an alternative drug for patients who are DPYD poor metabolizers with an activity score of 0. In those who are poor metabolizers with an activity score of 0.5, an alternative drug is also recommended, but if this is not considered a suitable therapeutic option, 5-fluorouracil or capecitabine should be administered at a strongly reduced dose with early therapeutic drug monitoring. Patients who are intermediate metabolizers with an activity score of 1 or 1.5 should receive a dose reduction of 50%. Patients with the c.[2846A&gt;T];[2846A&gt;T] genotype may require a &gt;50% dose reduction.</p>\n",
      "version" : 0
    },
    "terms" : [],
    "textMarkdown" : {
      "id" : 1451433709,
      "html" : "<p>This annotation is based on the <a rel=\"noopener noreferrer\" href=\"https://cpicpgx.org/guidelines/guideline-for-fluoropyrimidines-and-dpyd/\" target=\"_blank\">CPIC&reg; guideline for fluoropyrimidines and DPYD</a>.</p>\n<h3 id=\"january-2024-update\">January 2024 Update</h3>\n<ul>\n<li>\n<p>Recently, individual patients have been reported [Article:<a href=\"/pmid/38129972\">38129972</a>] to carry only one of the two SNPs in the HapB3 haplotype (i.e., c.1236G&gt;A without c.1129-5923C&gt;G), suggesting that the two variants are not in complete linkage disequilibrium. To address this, CPIC updated the allele definition and functionality tables to include the c.1129-5923C&gt;G SNP separately as this is likely the causal variant leading to decreased function. CPIC also retained the HapB3 haplotype definition for cases where only the c.1236G&gt;A variant is tested (e.g. whole exome sequencing). While CPIC recommends to directly test the causal SNP if possible, in cases where only c.1236G&gt;A is tested or results are available for, it should be clearly stated in the test report that “decreased function” was inferred by detecting the exonic tag SNP, and disclose that in rare cases, the causal decreased function variant c.1129-5923C&gt;G may not be present despite having this tag SNP.</p>\n</li>\n<li>\n<p>A recent publication [Article:<a href=\"/pmid/37639651\">37639651</a>] reported evidence for a potentially reduced treatment effectiveness in DPYD c.1236G&gt;A (HapB3) carriers receiving fluoropyrimidine dosing reduced by 25%. In the same patient group, also significantly increased toxicity was observed. The guideline authors have reviewed this paper and concluded that further studies need to be performed before potentially changing the dosing recommendation for this risk variant. It was noted that in this study, in the majority of patients receiving genotype-based dose reductions, no dose escalation was performed as is recommended in the CPIC guideline. Given this evidence for substantial interpatient variability among heterozygous carriers of a single decreased function variant (activity score 1.5), particular emphasis should be placed on dose titration after the initial dosing in this patient group. This guideline is in the process of being updated and these recommendations will be reviewed based on a complete evidence review.</p>\n</li>\n</ul>\n<h3 id=\"november-2018-update\">November 2018 Update</h3>\n<ul>\n<li>The DPYD guideline published in November 2017 recommended to reduce the dose of fluoropyrimidines by 25-50% (from the full standard dose) in DPYD Intermediate Metabolizers with an activity score of 1.5. At the time of the guideline publication, this dose range was recommended due to limited evidence for genotype-guided dosing of decreased function alleles/variants. However, a recent prospective study [Article:<a href=\"/pmid/30348537\">30348537</a>] provides evidence to support a recommendation for a 50% dose reduction in heterozygous carriers of the decreased function variants c.2846A&gt;T (<a href=\"https://www.pharmgkb.org/variant/PA166153895\">rs67376798</a>) or c.1129–5923C&gt;G (<a href=\"https://www.pharmgkb.org/variant/PA166153906\">rs75017182</a>); HapB3 or its tagging SNP c.1236G&gt;A; <a href=\"https://www.pharmgkb.org/variant/PA166153889\">rs56038477</a>). These data suggest that all Intermediate Metabolizers with an activity score of 1.5 should receive a 50% dose reduction. <strong>Therefore CPIC revised its recommendation such that all DPYD Intermediate Metabolizers should receive a 50% dose reduction from the full standard starting dose, whether the activity score is 1 or 1.5 followed by dose titration, based on clinical judgement and ideally therapeutic drug monitoring.</strong></li>\n<li>In addition, recent case reports from patients who are homozygous for c.2846A&gt;T (activity score of 1) indicate that a dose reduction of more than 50% may be required in some carriers of this genotype. <strong>Therefore, in patients with an activity score of 1 due to a homozygous c.[2846A&gt;T];[2846A&gt;T] genotype, clinicians should be aware that a &gt;50% reduction in starting dose might be warranted.</strong></li>\n</ul>\n<h3 id=\"november-2017-update\">November 2017 Update</h3>\n<p><em>Advance online publication November 2017</em></p>\n<ul>\n<li>The 2017 update of CPIC guidelines regarding 5-fluorouracil and capecitabine has been accepted for publication in Clinical Pharmacology and Therapeutics.  Literature up to March 2017 was reviewed, and recommendations and supplemental information were updated. In particular, the dosing recommendations were modified to only apply to 5-fluorouracil and capecitabine; they no longer apply to tegafur. Additionally, dosing recommendations are now given in the context of <a rel=\"noopener noreferrer\" href=\"https://www.ncbi.nlm.nih.gov/pubmed/26265346\" target=\"_blank\">DPYD activity score</a>.</li>\n<li>Excerpts from the 2017 dosing guideline update:\n<ul>\n<li>&quot;The strength of the prescribing recommendations is based on the known impact of some variants (c.1905+1G&gt;A, c.1679T&gt;G, c.2846A&gt;T, c.1129– 5923C&gt;G) on DPD activity, the demonstrated relationship between DPD activity and 5-fluorouracil clearance, and between 5-fluorouracil exposure and its toxic effects.&quot;</li>\n<li>&quot;At the time of this writing, data on the possible role of DPYD genetic variation in 5-fluorouracil toxicity in pediatric patient populations is extremely scarce; however, there is no evidence to suggest that 5-fluorouracil pharmacokinetics differ from adult patients, and thus no evidence that DPYD variants would affect 5-fluorouracil metabolism differently in children.&quot;</li>\n</ul>\n</li>\n<li>Download and read:\n<ul>\n<li><a rel=\"noopener noreferrer\" href=\"https://files.cpicpgx.org/data/guideline/publication/fluoropyrimidines/2017/29152729.pdf\" target=\"_blank\">Clinical Pharmacogenetics Implementation Consortium Guideline for Dihydropyrimidine Dehydrogenase Genotype and Fluoropyrimidine Dosing: 2017 Update</a></li>\n<li><a rel=\"noopener noreferrer\" href=\"https://files.cpicpgx.org/data/guideline/publication/fluoropyrimidines/2017/29152729-supplement.pdf\" target=\"_blank\">2017 supplement</a></li>\n<li><a href=\"https://www.pharmgkb.org/page/dpydRefMaterials\">Gene-specific Information Tables for DPYD</a></li>\n<li><a rel=\"noopener noreferrer\" href=\"https://files.cpicpgx.org/data/report/current/drug_resource/capecitabine-Drug_Resource_Mappings.xlsx\" target=\"_blank\">Capecitabine Drug Resource Mapping</a></li>\n<li><a rel=\"noopener noreferrer\" href=\"https://files.cpicpgx.org/data/report/current/test_alert/capecitabine_Pre_and_Post_Test_Alerts.xlsx\" target=\"_blank\">Capecitabine Pre and Post Test Alerts</a></li>\n<li><a rel=\"noopener noreferrer\" href=\"https://files.cpicpgx.org/images/flow_chart/Capecitabine_CDS_Flow_Chart.jpg\" target=\"_blank\">Capecitabine Clinical Decision Support Flow Chart</a></li>\n</ul>\n</li>\n</ul>\n<h3 id=\"table-1-recommended-dosing-of-fluoropyrimidines-by-genotype-phenotype\">Table 1: Recommended dosing of fluoropyrimidines by genotype/phenotype.</h3>\n<p><em>Adapted from Tables 1 and 2 of the 2017 guideline manuscript (November 2018 Update on PharmGKB).</em></p>\n<table class=\"table\">\n<thead>\n<tr>\n<th>Likely Phenotype</th>\n<th>Activity Score<sup>a</sup></th>\n<th>Genotypes<sup>b</sup></th>\n<th>Examples of genotypes<sup>c</sup></th>\n<th>Implications</th>\n<th>Dosing recommendations</th>\n<th>Classification of recommendations<sup>d</sup></th>\n</tr>\n</thead>\n<tbody>\n<tr>\n<td><em>DPYD</em> Normal Metabolizer</td>\n<td>2</td>\n<td>An individual carrying two normal alleles</td>\n<td>c.[=];[=], c.[85T&gt;C<sup>e</sup>];[=], c.[1627A&gt;G<sup>f</sup>];[=]</td>\n<td>Normal DPD activity and “normal” risk for fluoropyrimidine toxicity</td>\n<td>Based on genotype, there is no indication to change dose or therapy. Use label-recommended dosage and administration</td>\n<td>Strong</td>\n</tr>\n<tr>\n<td><em>DPYD</em> Intermediate Metabolizer</td>\n<td>1 or 1.5</td>\n<td>An individual carrying one normal function allele plus one no function allele or one decreased function allele, or an individual carrying two decreased function alleles</td>\n<td>c.[1905+1G&gt;A<sup>g</sup>];[=], c.[1679T&gt;G<sup>h</sup>];[=], c.[2846A&gt;T<sup>i</sup>];[=]; c.[1129–5923C&gt;G<sup>j</sup>];[=]; c.[1129–5923C&gt;G];[1129–5923C&gt;G]; c.[2846A&gt;T];[2846A&gt;T]</td>\n<td>Decreased DPD activity (leukocyte DPD activity at 30% to 70% that of the normal population) and increased risk for severe or even fatal drug toxicity when treated with fluoropyrimidine drugs</td>\n<td>Reduce starting dose by 50% followed by titration of dose based on toxicity or therapeutic drug monitoring (if available). Patients with the c.[2846A&gt;T];[2846A&gt;T] genotype may require &gt;50% reduction in starting dose.</td>\n<td>Activity score 1: Strong<br/>Activity score 1.5: Moderate</td>\n</tr>\n<tr>\n<td><em>DPYD</em> Poor Metabolizer</td>\n<td>0 or 0.5</td>\n<td>An individual carrying two no function alleles or an individual carrying one no function plus one decreased function allele</td>\n<td>c.[1905+1G&gt;A];[1905+1G&gt;A], c.[1679T&gt;G];[1679T&gt;G], c.[1905+1G&gt;A];[2846A&gt;T] c.[1905+1G&gt;A];[1129-5923C&gt;G]</td>\n<td>Complete DPD deficiency and increased risk for severe or even fatal drug toxicity when treated with fluoropyrimidine drugs</td>\n<td>Activity score 0.5: Avoid use of 5- fluorouracil or 5-fluorouracil prodrug-based regimens. In the event, based on clinical advice, alternative agents are not considered a suitable therapeutic option, 5-fluorouracil should be administered at a strongly reduced dose<sup>k</sup> with early therapeutic drug monitoring.<sup>l</sup><br/>Activity score 0: Avoid use of 5-fluorouracil or 5-fluorouracil prodrug-based regimens.</td>\n<td>Strong</td>\n</tr>\n</tbody>\n</table>\n<p><sup>a</sup> Calculated as the sum of the two lowest individual variant activity scores. See main guideline for further information.<br />\n<sup>b</sup> Allele definitions, assignment of allele function and references can be found using the <a href=\"https://www.pharmgkb.org/page/dpydRefMaterials\">DPYD Allele Functionality Table</a>.<br />\n<sup>c</sup> HGVS nomenclature using the reference sequence NM_000110.3.<br />\n<sup>d</sup> Rating scheme described in the <a rel=\"noopener noreferrer\" href=\"https://files.cpicpgx.org/data/guideline/publication/fluoropyrimidines/2013/23988873-supplement.pdf\" target=\"_blank\">Supplement</a>.<br />\n<sup>e</sup> Also known as <a href=\"/variant/PA166153648\">rs1801265</a> or DPYD*9A<br />\n<sup>f</sup> Also known as <a href=\"/variant/PA166153646\">rs1801159</a> or DPYD*5<br />\n<sup>g</sup> Also known as <a href=\"/variant/PA166153760\">rs3918290</a> or DPYD*2A<br />\n<sup>h</sup> Also known as <a href=\"/variant/PA166153888\">rs55886062</a> or DPYD*13<br />\n<sup>i</sup> Also known as <a href=\"/variant/PA166153895\">rs67376798</a><br />\n<sup>j</sup> Also known as <a href=\"/variant/PA166153906\">rs75017182</a>. Likely HapB3 causal variant. See <a href=\"https://www.pharmgkb.org/page/dpydRefMaterials\">DPYD Allele Functionality Table</a> for other HapB3 proxy SNPs.<br />\n<sup>k</sup> If available, a phenotyping test (see main text for further details) should be considered to estimate the starting dose. In absence of phenotyping data, a dose of &lt;25% of the normal starting dose is estimated assuming additive effects of alleles on 5-FU clearance.<br />\n<sup>l</sup> Therapeutic drug monitoring should be done at the earliest time point possible (e.g., minimum time point in steady state) in order to immediately discontinue the infusion if the drug level is too high.</p>\n<h3 id=\"may-2014-update-on-pharmgkb\">May 2014 Update on PharmGKB</h3>\n<ul>\n<li>The CPIC authors recommend that the <em>DPYD*4</em>, <em>*5</em>, <em>*6</em> and <em>*9A</em> alleles be categorized as &quot;normal&quot; activity, in part based upon the recent publication <a rel=\"noopener noreferrer\" href=\"http://www.ncbi.nlm.nih.gov/pubmed/?term=24648345\" target=\"_blank\">Comparative Functional Analysis of DPYD Variants of Potential Clinical Relevance to Dihydropyrimidine Dehydrogenase Activity</a>.</li>\n</ul>\n<h3 id=\"december-2013-publication\">December 2013 Publication</h3>\n<p><em>Advance online publication October 2013.</em></p>\n<ul>\n<li>Guidelines regarding the use of pharmacogenomic tests in dosing for fluoropyrimidines have been published in <em>Clinical Pharmacology and Therapeutics</em> by the Clinical Pharmacogenetics Implementation Consortium <a rel=\"noopener noreferrer\" href=\"https://cpicpgx.org/\" target=\"_blank\">(CPIC)</a>.</li>\n<li>Download and read:\n<ul>\n<li><a rel=\"noopener noreferrer\" href=\"https://files.cpicpgx.org/data/guideline/publication/fluoropyrimidines/2013/23988873.pdf\" target=\"_blank\">Clinical Pharmacogenetics Implementation Consortium Guidelines for Dihydropyrimidine Dehydrogenase Genotype and Fluoropyrimidine Dosing</a></li>\n<li><a rel=\"noopener noreferrer\" href=\"https://files.cpicpgx.org/data/guideline/publication/fluoropyrimidines/2013/23988873-supplement.pdf\" target=\"_blank\">2013 supplement</a></li>\n</ul>\n</li>\n</ul>\n",
      "version" : 3
    },
    "version" : 58
  }
}